timestamp,temp_h,temp_p,humidity,pressure,pitch,roll,yaw,mag_x,mag_y,mag_z,accel_x,accel_y,accel_z,gyro_x,gyro_y,gyro_z
2019-05-02 09:56:28,27.6867618560791,0,59.79241943359375,0,352.73814885085795,359.8727918621746,166.0082258904018,-6.3280439376831055,-1.5888690948486328,0.7298222184181213,0.28123724460601807,-0.002894710749387741,0.9309219717979431,0.0017152335494756699,-0.0024470146745443344,0.0005856268107891083
2019-05-02 09:56:29,27.6505184173584,26.924999237060547,59.63649368286133,1010.483642578125,349.95461026877774,1.4356006426564856,163.26065935335913,-13.260836601257324,-3.644786834716797,2.005103826522827,0.27566102147102356,-0.006754325237125158,0.9387202858924866,0.0026043839752674103,0.007779111620038748,0.002317434176802635
2019-05-02 09:56:30,27.66864013671875,26.931249618530273,59.7459716796875,1010.486083984375,354.0744719468764,1.2904165408331079,163.7422833124934,-14.794925689697266,-4.840356826782227,5.571379661560059,0.44125157594680786,0.018209444358944893,0.8907119631767273,-0.010223785415291786,0.0025867572985589504,0.012091277167201042
2019-05-02 09:56:31,27.66864013671875,26.910415649414062,59.15876770019531,1010.500244140625,352.05631411790404,0.39671552968432344,163.58449228228775,-16.51421546936035,-4.874858379364014,4.106723308563232,0.2373545616865158,-0.05717053636908531,0.872434675693512,0.0006843842566013336,-0.08417648077011108,0.00021745823323726654
2019-05-02 09:56:32,27.6867618560791,26.899999618530273,58.73412322998047,1010.2236328125,351.43564543651485,0.6199810734388176,163.17817798894205,-17.008100509643555,-5.032002925872803,3.237884044647217,0.2417185753583908,-0.04848640412092209,0.9772243499755859,-0.022528495639562607,-0.04538654163479805,-0.001004273071885109
2019-05-02 09:56:33,27.723003387451172,26.910415649414062,58.96635055541992,1010.311767578125,350.1859325542668,0.9402997633177848,163.1448466657924,-17.55977439880371,-4.7238922119140625,2.949843168258667,0.22111067175865173,-0.010855165310204029,0.9050900936126709,0.0009898170828819275,0.05021386966109276,0.0035772155970335007
2019-05-02 09:56:35,27.6505184173584,26.914583206176758,58.86350631713867,1010.311767578125,349.7890080634826,0.40578844882090687,163.771393578736,-17.644079208374023,-4.227235317230225,2.5622849464416504,0.44391846656799316,0.011654043570160866,0.9163001775741577,-0.002369942143559456,0.013561956584453583,0.011823896318674088
2019-05-02 09:56:36,27.6867618560791,26.920833587646484,58.82369613647461,1010.353271484375,347.7488075065113,359.9223278758312,163.36169151156196,-17.84989356994629,-4.259506702423096,2.0892512798309326,0.2540833353996277,0.05802742764353752,0.9979385733604431,-0.014587245881557465,-0.058214712888002396,0.008769571781158447
2019-05-02 09:56:37,27.66864013671875,26.931249618530273,58.744075775146484,1010.35107421875,348.63729132035127,359.46712966513167,163.63865568240598,-17.751924514770508,-4.265613555908203,2.481551170349121,0.21723154187202454,0.0048558516427874565,0.9506614208221436,-0.002675374038517475,-0.05454951897263527,-0.00497489795088768
2019-05-02 09:56:38,27.6867618560791,26.947917938232422,58.68104553222656,1010.358154296875,345.9491978017328,359.6244663543553,164.22678961145743,-17.966650009155273,-4.564969062805176,2.722855567932129,0.20777614414691925,0.006312606856226921,0.8843758702278137,-0.009089459665119648,0.015089119784533978,0.009380437433719635
2019-05-02 09:56:39,27.777366638183594,26.952083587646484,59.13886260986328,1010.380615234375,345.01647229131777,0.006096393232669319,165.00200242187555,-17.687175750732422,-4.355713367462158,3.160369634628296,0.45798033475875854,-0.06730202585458755,0.6896620988845825,0.01656688190996647,0.00012292107567191124,0.004798946902155876
2019-05-02 09:56:40,27.83173179626465,26.943750381469727,58.99620819091797,1010.40869140625,341.4125298059497,359.77259042572956,165.55627227302207,-17.721542358398438,-4.297149658203125,2.531604290008545,0.3066940903663635,-0.01688581332564354,1.083476185798645,0.009847363457083702,0.026084693148732185,-0.004364032298326492
2019-05-02 09:56:41,27.795490264892578,26.952083587646484,58.85687255859375,1010.443115234375,344.56440085317485,358.8022632565102,166.03584717540534,-17.60746192932129,-4.221748352050781,2.5099918842315674,0.2446279376745224,-0.024363813921809196,1.0115855932235718,0.016261449083685875,0.07464848458766937,0.009685870260000229
2019-05-02 09:56:42,27.83173179626465,26.964584350585938,59.45071029663086,1010.426025390625,342.9956566649846,358.59923620359666,165.9579147169755,-17.65706443786621,-4.383337497711182,2.042349338531494,0.29045021533966064,0.11848277598619461,0.9445689916610718,-0.008173161186277866,-0.04935716465115547,0.008769571781158447
2019-05-02 09:56:44,27.777366638183594,26.977083206176758,59.09241485595703,1010.4033203125,339.60193544943854,358.8621182319194,166.20041375326764,-17.72249984741211,-4.316422939300537,2.4610891342163086,0.2533559799194336,0.046373382210731506,0.8331995010375977,-0.017641572281718254,-0.025838851928710938,0.0038826484233140945
2019-05-02 09:56:45,27.795490264892578,26.97083282470703,59.02275085449219,1010.417724609375,337.97808871011927,358.94569744252385,166.09552936837292,-17.426624298095703,-4.393929481506348,2.562669515609741,0.1680150181055069,0.037390053272247314,1.108577013015747,-0.02283392660319805,-0.044164810329675674,0.004798946902155876
2019-05-02 09:56:46,27.83173179626465,26.99791717529297,59.04928970336914,1010.4189453125,341.2321086514765,359.2021313987441,166.63585197323428,-17.477691650390625,-4.295181751251221,2.7345144748687744,0.2390516847372055,-0.009407809935510159,1.0342494249343872,0.01809404231607914,0.011729361489415169,-0.007418358698487282
2019-05-02 09:56:47,27.741125106811523,26.995834350585938,58.78720474243164,1010.447265625,342.98399582452413,359.6461636775535,166.46405905523014,-17.636747360229492,-4.184047222137451,2.119457483291626,0.12122295796871185,-0.048968859016895294,1.0998039245605469,0.0009898170828819275,-0.00018251128494739532,0.0014391876757144928
2019-05-02 09:56:48,27.777366638183594,27.00208282470703,58.263031005859375,1010.422119140625,340.4627510207244,359.053569821737,166.7637404352536,-17.698577880859375,-4.155012130737305,2.4254093170166016,0.14304308593273163,0.021851330995559692,0.9067959785461426,0.0034332778304815292,-0.021562796086072922,-0.0037531666457653046
2019-05-02 09:56:49,27.813610076904297,27.006250381469727,59.21516418457031,1010.36962890625,342.15100815146417,358.77199175138696,166.2284858307564,-17.568641662597656,-4.094067096710205,2.0877761840820312,0.1670452356338501,-0.058135438710451126,1.0817703008651733,-0.016567379236221313,-0.042123813182115555,0.0012686997652053833
2019-05-02 09:56:50,27.849853515625,27.004165649414062,58.647865295410156,1010.373046875,342.8149230293569,358.89332323180304,166.78129402142054,-17.929475784301758,-4.489302635192871,2.018310070037842,0.2645084857940674,0.00024279257922898978,0.9935520887374878,0.019779102876782417,-0.022576123476028442,0.006155621260404587
2019-05-02 09:56:51,27.849853515625,27.010417938232422,58.744075775146484,1010.364990234375,340.1606568763766,359.341389777854,167.0458545687318,-17.77164077758789,-4.6601715087890625,1.9138702154159546,0.44294869899749756,-0.0004824517818633467,0.7635022401809692,0.0020640119910240173,0.039732128381729126,0.0034067295491695404
2019-05-02 09:56:53,27.795490264892578,27.012500762939453,58.96635055541992,1010.30126953125,336.728719044877,357.9725857705984,167.25858764062102,-17.668256759643555,-4.716292858123779,2.188194513320923,0.22402003407478333,-0.013026198372244835,1.0527703762054443,0.01000525988638401,0.01682468317449093,0.007377352565526962
2019-05-02 09:56:54,27.795490264892578,27.018749237060547,59.83554458618164,1010.2998046875,340.29149598011736,357.70847153346074,167.60893536390765,-17.54895782470703,-4.660546779632568,2.2836127281188965,0.4002782106399536,0.018937820568680763,0.9838041663169861,0.0035911742597818375,0.02232247032225132,0.001879565417766571
2019-05-02 09:56:55,27.849853515625,27.027084350585938,58.49858093261719,1010.301513671875,337.41962341527505,357.00939505516413,167.02204452928515,-17.70557975769043,-4.472209930419922,2.20989990234375,0.20535168051719666,-0.006754325237125158,1.024745225906372,-0.01015329360961914,-0.04395641013979912,0.003712160512804985
2019-05-02 09:56:56,27.813610076904297,27.022916793823242,58.07725143432617,1010.32421875,337.544976169565,357.7943974476536,167.3305914948513,-17.756824493408203,-4.482330799102783,2.345062017440796,0.29287466406822205,-0.04728027433156967,1.0045183897018433,0.012143287807703018,0.028125688433647156,0.00798821821808815
2019-05-02 09:56:57,27.86797332763672,27.041667938232422,59.218482971191406,1010.39306640625,338.45182380076216,357.40842303076937,167.24842431913603,-17.704280853271484,-4.572901725769043,3.1852033138275146,0.257720023393631,0.05802742764353752,1.0510644912719727,0.0035911742597818375,0.026598528027534485,0.0003524031490087509
2019-05-02 09:56:58,27.83173179626465,27.058334350585938,59.901893615722656,1010.51513671875,335.9224203359989,357.1002391324463,167.44786584290043,-17.617279052734375,-4.701519012451172,3.0796589851379395,0.393004834651947,0.046373382210731506,0.7800736427307129,-0.00160118006169796,0.03362347558140755,0.002184998244047165
2019-05-02 09:56:59,27.83173179626465,27.087499618530273,61.003318786621094,1010.70751953125,336.4158673525864,356.79690381466025,167.87834534552965,-17.846500396728516,-4.6066765785217285,2.879023313522339,0.19347184896469116,0.011411250568926334,0.8127289414405823,-0.020538002252578735,-0.045178141444921494,0.004017593339085579
2019-05-02 09:57:00,27.83173179626465,27.118749618530273,63.47820281982422,1011.411865234375,337.60962561760647,357.01024029107396,167.842322927847,-17.89102554321289,-4.493703365325928,2.2320926189422607,0.18886536359786987,0.008740533143281937,0.9840478897094727,-0.0022120457142591476,0.027514826506376266,0.0012686997652053833
2019-05-02 09:57:02,27.795490264892578,27.104167938232422,63.10331726074219,1011.646240234375,338.83496667734863,357.73583668637036,168.05155894288117,-17.953882217407227,-4.688107490539551,2.6870481967926025,0.28608617186546326,0.011896836571395397,0.9847790002822876,-7.401593029499054e-05,0.06263957917690277,0.004628458991646767
2019-05-02 09:57:03,27.86797332763672,27.09583282470703,62.51611328125,1011.5810546875,341.78471876665475,358.7232952773691,167.88346798740716,-17.755435943603516,-4.752619743347168,2.6639559268951416,0.3125127851963043,-0.026534847915172577,0.9838041663169861,0.016419345512986183,-0.01432944368571043,0.005850188434123993
2019-05-02 09:57:04,27.795490264892578,27.085416793823242,62.78483581542969,1011.58935546875,342.7601790631593,359.29896517840234,167.65848155614694,-17.61450958251953,-4.780535697937012,2.6381168365478516,0.397368848323822,-0.03401285037398338,0.8168718218803406,0.006340067833662033,0.03789953514933586,0.0027958638966083527
2019-05-02 09:57:05,27.795490264892578,27.087499618530273,62.88104248046875,1011.5673828125,340.67406341326625,359.319075389753,167.7751958286841,-17.451274871826172,-4.677699089050293,1.5632950067520142,0.4048846960067749,0.00024279257922898978,0.758628249168396,-0.0031283432617783546,0.05164400115609169,-0.0005638953298330307
2019-05-02 09:57:06,27.88609504699707,27.09375,62.72843933105469,1011.574951171875,339.96723957946017,359.0527429419606,167.97633123936265,-17.695446014404297,-4.570243835449219,1.716330885887146,0.2439005970954895,-0.026293622329831123,1.038392186164856,-0.00587723683565855,-0.02868478000164032,-0.0023964904248714447
2019-05-02 09:57:07,27.88609504699707,27.09583282470703,62.791465759277344,1011.565185546875,341.3381814892868,359.888481360317,168.21863903035802,-17.829011917114258,-4.545438766479492,1.9073597192764282,0.28172215819358826,-0.044144339859485626,1.0135352611541748,0.007561799138784409,0.03240174800157547,0.0031012967228889465
2019-05-02 09:57:08,27.86797332763672,27.108333587646484,62.81800842285156,1011.531005859375,339.1335040006861,0.6765597458414115,168.22113887959424,-18.163599014282227,-4.183016300201416,1.7207432985305786,0.38209477066993713,0.033748168498277664,0.9228799343109131,0.0029803086072206497,0.009494300000369549,0.01104254275560379
2019-05-02 09:57:09,27.86797332763672,27.09583282470703,62.502845764160156,1011.545654296875,342.6322171766064,0.4330141431415331,168.3059015271941,-18.057044982910156,-4.027003288269043,2.5075857639312744,0.15007402002811432,-0.05861789360642433,1.064224123954773,0.0130595862865448,-0.0015012742951512337,0.0012686997652053833
2019-05-02 09:57:11,27.940460205078125,27.110416412353516,62.85449981689453,1011.5390625,343.3859473345375,0.6559363098076754,168.6021678126326,-17.741992950439453,-4.059887886047363,1.8961480855941772,0.3900955021381378,-0.06078892573714256,0.7849475145339966,0.0130595862865448,-0.014634876511991024,0.0006578341126441956
2019-05-02 09:57:12,27.777366638183594,27.112499237060547,62.29383850097656,1011.56689453125,343.4463979237867,359.8337694973425,168.68302359202718,-17.524553298950195,-4.355064868927002,1.790991187095642,0.23250563442707062,-0.01905684731900692,1.0249888896942139,0.008783528581261635,0.03179088234901428,0.012875139713287354
2019-05-02 09:57:13,27.88609504699707,27.108333587646484,62.652130126953125,1011.506103515625,341.90855009630707,359.87416216887686,168.83115673474643,-17.81462860107422,-4.193187236785889,1.8457581996917725,0.37700340151786804,-0.0123025206848979,0.9443252682685852,-0.010764158330857754,-0.004555600695312023,-0.00025846250355243683
2019-05-02 09:57:14,27.940460205078125,27.116666793823242,62.32701110839844,1011.5048828125,340.0044811859097,359.1283152498671,168.8006394495348,-17.80459976196289,-4.40451717376709,2.326364755630493,0.23347541689872742,0.03908960521221161,0.8336869478225708,-0.016567379236221313,-0.023492421954870224,0.002490431070327759
2019-05-02 09:57:15,27.83173179626465,27.120834350585938,62.26066589355469,1011.521240234375,339.4940953001805,359.1282816858906,168.94769342236518,-17.760149002075195,-4.494470119476318,2.2233588695526123,0.20607902109622955,0.008497740142047405,1.0427788496017456,0.01153242215514183,0.015297519974410534,0.007682785391807556
2019-05-02 09:57:16,27.849853515625,27.116666793823242,62.21421813964844,1011.471435546875,340.33588879462786,358.92978758406935,169.067768147974,-17.50424575805664,-4.196410655975342,2.223878860473633,0.29651135206222534,0.04054636135697365,0.8785271048545837,0.0038966070860624313,-0.03693145886063576,-0.0014801938086748123
2019-05-02 09:57:17,27.86797332763672,27.125,61.66682434082031,1011.475341796875,340.2219953902179,359.3158312633406,169.24805782130565,-17.61888885498047,-4.338190078735352,1.4066824913024902,0.2395365685224533,-0.012784972786903381,1.0322998762130737,0.008478095754981041,0.04309188947081566,0.009209949523210526
2019-05-02 09:57:18,27.777366638183594,27.143749237060547,61.6734619140625,1011.43115234375,340.48276176744525,359.86936009232306,169.12339320857458,-17.71906280517578,-4.46679162979126,1.5852566957473755,0.2555379867553711,-0.03931982070207596,0.9779554605484009,-0.002517477609217167,0.058974385261535645,0.0067664869129657745
2019-05-02 09:57:20,27.849853515625,27.133333206176758,62.174407958984375,1011.439697265625,336.6627991816499,0.15768071998249622,169.08239841317618,-18.050331115722656,-4.383588790893555,1.4937465190887451,0.23444519937038422,-0.02388136461377144,0.854401171207428,0.004202039912343025,0.008883435279130936,0.005850188434123993
2019-05-02 09:57:21,27.849853515625,27.147916793823242,61.12274932861328,1011.392578125,341.563949977207,359.50394203688046,168.6584622317718,-17.730995178222656,-4.586216449737549,1.7423486709594727,0.2339603155851364,-0.05017498508095741,1.0071990489959717,0.0020640119910240173,-0.006693628616631031,-0.011559469625353813
2019-05-02 09:57:22,27.904216766357422,27.15416717529297,58.730804443359375,1011.39501953125,338.3588615110637,359.3255819453502,169.02027101248575,-17.268390655517578,-4.819520950317383,1.4117618799209595,0.35591059923171997,-0.006271873135119677,0.7674013376235962,0.002674877643585205,0.04950597137212753,-0.0023964904248714447
2019-05-02 09:57:23,27.849853515625,27.168750762939453,60.996681213378906,1011.38525390625,337.72276428611315,359.8541557577253,169.00785372857464,-17.26731300354004,-4.7867937088012695,1.9721983671188354,0.3944595158100128,-0.006271873135119677,0.7917710542678833,0.0029803086072206497,-0.024408720433712006,0.004017593339085579
2019-05-02 09:57:24,27.904216766357422,27.177082061767578,61.23554229736328,1011.3740234375,341.5953107907811,0.6705188170465055,168.97638021687922,-17.57353401184082,-4.716498851776123,2.432041645050049,0.3110581040382385,-0.010855165310204029,0.9618715047836304,0.010921558365225792,0.014075789600610733,-0.0017856266349554062
2019-05-02 09:57:25,28.0129451751709,27.181249618530273,61.043128967285156,1011.37451171875,341.2049740174513,0.7519775740787816,169.13582415286402,-18.128984451293945,-4.140522003173828,2.772101402282715,0.21795888245105743,0.028163937851786613,1.0084174871444702,0.0002314150333404541,0.051338568329811096,0.004323026165366173
2019-05-02 09:57:26,27.922338485717773,27.1875,61.23554229736328,1011.36328125,341.27897570201384,0.29544764991385003,169.4775521774181,-17.969697952270508,-3.821089744567871,2.5213236808776855,0.36512356996536255,-0.03714878484606743,0.9019220471382141,0.012143287807703018,0.05958525091409683,0.003712160512804985
2019-05-02 09:57:27,27.994823455810547,27.200000762939453,60.966827392578125,1011.353759765625,341.869799018051,359.77316565572374,169.62486569743692,-17.6801815032959,-4.060909271240234,2.2205722332000732,0.3193012475967407,-0.03618388622999191,0.8375861048698425,0.007256366312503815,-0.017383769154548645,0.005239324644207954
2019-05-02 09:57:29,27.86797332763672,27.202083587646484,60.81421661376953,1011.3935546875,343.3870589478249,0.0870046972155546,169.82586450433206,-17.562070846557617,-4.330890655517578,2.4407925605773926,0.12437476217746735,-0.008201680146157742,1.0732409954071045,0.0017585791647434235,-0.0653366893529892,0.011653408408164978
2019-05-02 09:57:30,27.976701736450195,27.212499618530273,60.416114807128906,1011.392822265625,345.4779830508936,1.0591538060558807,169.5693635802414,-17.716495513916016,-4.231991767883301,2.3836028575897217,0.20147255063056946,-0.0176094900816679,0.8758464455604553,0.004507472738623619,-0.014634876511991024,0.0049338918179273605
2019-05-02 09:57:31,27.922338485717773,27.210416793823242,60.266822814941406,1011.387451171875,345.6003937011986,0.6666417241971713,169.62539845219217,-17.873151779174805,-3.96651291847229,2.230895757675171,0.23517253994941711,0.015538725070655346,0.904358983039856,0.0017585791647434235,0.059890683740377426,4.6970322728157043e-05
2019-05-02 09:57:32,27.88609504699707,27.202083587646484,60.611846923828125,1011.366455078125,344.41361418196306,359.97995698997346,169.14553668186377,-17.952911376953125,-3.9407780170440674,2.5897645950317383,0.23177829384803772,-0.005789421498775482,1.0608123540878296,-0.016550734639167786,-0.037886690348386765,0.008215861395001411
2019-05-02 09:57:33,27.922338485717773,27.204166412353516,60.499053955078125,1011.37744140625,342.1087122050289,0.05352509092581566,169.11320256633292,-17.75788688659668,-4.306116580963135,2.9390482902526855,0.14910423755645752,0.03569050878286362,1.0349805355072021,0.0036078188568353653,-0.0073434291407465935,0.008215861395001411
2019-05-02 09:57:34,27.994823455810547,27.21875,60.42274856567383,1011.334716796875,344.53414653024623,359.8028516588886,169.16833585331327,-18.143108367919922,-4.426845073699951,2.6410436630249023,0.2405063509941101,-0.0004824517818633467,0.8670733571052551,-0.002806265838444233,-0.02292049303650856,0.005161534994840622
2019-05-02 09:57:35,27.994823455810547,27.212499618530273,60.42274856567383,1011.327392578125,349.19690067188145,358.6557970001135,169.1261662653776,-17.944442749023438,-4.673105239868164,3.3657801151275635,0.38888323307037354,0.012382421642541885,0.9009472131729126,0.014908825978636742,-0.05468548461794853,0.00424523651599884
2019-05-02 09:57:36,28.03106689453125,27.227083206176758,60.33649444580078,1011.333740234375,346.05479338007484,358.2670489928177,168.66526510018517,-18.210512161254883,-4.5088887214660645,3.0572080612182617,0.157589852809906,0.04103194549679756,1.1521986722946167,-0.0006682369858026505,0.018312912434339523,-0.0003362521529197693
2019-05-02 09:57:38,27.922338485717773,27.235416412353516,60.280094146728516,1011.329833984375,349.5916617002461,358.2260083070858,168.4317272720841,-17.698482513427734,-4.652254581451416,2.4663801193237305,0.3367573916912079,-0.03039446286857128,0.9969637989997864,0.009188704192638397,-0.06722597032785416,0.0014660600572824478
2019-05-02 09:57:39,28.03106689453125,27.243749618530273,59.58009338378906,1011.323486328125,351.3709532997911,358.63993388576614,168.7633056355315,-17.672412872314453,-4.18441104888916,2.4912757873535156,0.35566815733909607,-0.05331092327833176,0.7864097356796265,-0.010969848372042179,-0.014080693945288658,0.007574712857604027
2019-05-02 09:57:40,27.958580017089844,27.245834350585938,59.998104095458984,1011.34228515625,347.64145059313705,358.24544136921327,168.98416663253306,-17.6036376953125,-4.1775994300842285,2.164644241333008,0.38403433561325073,-0.018091943114995956,0.8110231161117554,-0.004555763676762581,-0.02354910597205162,0.0020769257098436356
2019-05-02 09:57:41,28.0129451751709,27.258333206176758,60.479148864746094,1011.291015625,348.6340990606879,357.5091435615913,168.86126420860785,-17.515186309814453,-4.230350017547607,2.2262332439422607,0.2414761334657669,-0.04149085283279419,1.0410728454589844,0.001858321949839592,-0.014386126771569252,-0.002809995785355568
2019-05-02 09:57:42,28.121673583984375,27.274999618530273,60.37962341308594,1011.3056640625,345.7146158084624,356.6163650528673,168.46176644405378,-17.462631225585938,-4.374938488006592,2.4478061199188232,0.18474379181861877,0.04685896635055542,1.1146693229675293,-0.006693791598081589,0.03845371678471565,0.002993224188685417
2019-05-02 09:57:43,28.03106689453125,27.27916717529297,60.24360275268555,1011.32958984375,343.85109175475185,356.5237301853622,168.5565831301119,-17.146636962890625,-4.556616306304932,2.485020160675049,0.17674307525157928,-0.02749975211918354,0.9989133477210999,0.002163754776120186,0.041202612221241,0.008796444162726402
2019-05-02 09:57:44,27.958580017089844,27.28333282470703,60.349761962890625,1011.308837890625,342.9705864556361,355.713416819356,168.8203923566145,-17.402332305908203,-4.466623783111572,2.3319904804229736,0.23323297500610352,-0.004824517760425806,1.0271822214126587,-0.013107877224683762,0.039370015263557434,0.009101876989006996
2019-05-02 09:57:45,28.06730842590332,27.285415649414062,60.638389587402344,1011.317138671875,341.7263974888793,357.0754634750057,168.9109743253872,-17.706954956054688,-4.580044269561768,2.468046188354492,0.21674665808677673,0.04661617428064346,1.070560336112976,-0.002112302929162979,-0.030574053525924683,0.006658414378762245
2019-05-02 09:57:47,28.04918670654297,27.297916412353516,60.6052131652832,1011.33056640625,341.10641780282265,357.15232807604747,168.72897710476303,-17.7678165435791,-4.597524166107178,2.504859209060669,0.2451128214597702,-0.044144339859485626,1.0028126239776611,-0.010358983650803566,-0.031490352004766464,0.0008551944047212601
2019-05-02 09:57:48,28.103551864624023,27.299999237060547,60.85734558105469,1011.349853515625,340.63543015577335,357.0823303764425,168.60199022771417,-17.67605209350586,-4.5996904373168945,2.4567573070526123,0.1745610535144806,0.02986348792910576,1.0793333053588867,-0.007610089145600796,0.0018018023110926151,0.006963847205042839
2019-05-02 09:57:49,28.03106689453125,27.322917938232422,60.694786071777344,1011.365966796875,343.75201132310434,357.78509771821183,167.99026482526946,-17.623687744140625,-4.357386112213135,2.4235448837280273,0.21868620812892914,0.03350537270307541,0.9326278567314148,-0.010721313767135143,-0.042872972786426544,0.007953038439154625
2019-05-02 09:57:50,28.085430145263672,27.316665649414062,60.850711822509766,1011.314208984375,345.8093676077234,358.00278374446634,168.21388521869568,-17.69104766845703,-4.5202860832214355,2.095853328704834,0.12849633395671844,0.027192767709493637,1.0920056104660034,0.007910076528787613,0.01179946307092905,0.013145392760634422
2019-05-02 09:57:51,28.04918670654297,27.308334350585938,60.69810485839844,1011.34814453125,346.2770955469913,358.49442236174946,167.91656708412503,-17.57665252685547,-4.496497631072998,2.057267427444458,0.36318397521972656,-0.005306969862431288,0.8660986423492432,0.013407861813902855,0.05517089366912842,0.011312795802950859
2019-05-02 09:57:52,28.121673583984375,27.327083587646484,60.396209716796875,1011.32666015625,346.10585502053624,357.66620739009375,167.43628184206807,-17.88381576538086,-4.464923858642578,1.8510676622390747,0.37967029213905334,-0.07429756969213486,1.1770557165145874,-0.013775640167295933,0.012104895897209644,0.00367698073387146
2019-05-02 09:57:53,28.2122802734375,27.335416793823242,60.68483352661133,1011.385009765625,343.52745348621454,357.20496066001795,167.11009932806496,-17.25946044921875,-4.441164493560791,2.520989179611206,0.22741428017616272,-0.06947305798530579,1.0844509601593018,-0.009805016219615936,0.04448075592517853,0.007342172786593437
2019-05-02 09:57:54,28.04918670654297,27.333332061767578,60.32322311401367,1011.384033203125,345.3932169881992,358.46610055546915,167.1264644613163,-17.27994155883789,-4.325533866882324,2.9118993282318115,0.23759698867797852,0.031077450141310692,1.0656863451004028,0.0005796924233436584,-0.03309912979602814,0.0030661169439554214
2019-05-02 09:57:56,28.121673583984375,27.347915649414062,60.369667053222656,1011.406494140625,343.74082518079115,358.3884451465875,167.38740500836747,-17.348203659057617,-4.290323257446289,2.823667526245117,0.27469122409820557,-0.019298071041703224,0.8039558529853821,-0.009194150567054749,-0.02027096226811409,-0.0036534015089273453
2019-05-02 09:57:57,28.103551864624023,27.34375,60.36634826660156,1011.366455078125,345.19652290802844,357.61884835249276,167.02241335950032,-17.643146514892578,-4.345393180847168,2.1140992641448975,0.23080852627754211,-0.08249925822019577,1.0832324028015137,-0.003085498698055744,0.051200270652770996,0.0067313071340322495
2019-05-02 09:57:58,28.06730842590332,27.356250762939453,60.51564025878906,1011.3818359375,345.57961114310154,357.0736050232212,167.3067268138913,-17.730255126953125,-4.48089075088501,2.1308369636535645,0.2361423224210739,-0.002412258880212903,1.0069553852081299,-0.01011044904589653,-0.04409470409154892,-0.0005990751087665558
2019-05-02 09:57:59,28.139793395996094,27.364582061767578,60.313270568847656,1011.388671875,344.3838516326547,357.393332154685,167.75480088382244,-17.24217414855957,-4.585639953613281,1.4101366996765137,0.4279170334339142,0.007526569999754429,0.756434977054596,-0.003085498698055744,0.004163647536188364,-0.0033479686826467514
2019-05-02 09:58:00,28.194156646728516,27.366666793823242,60.19384002685547,1011.37451171875,341.58060710104536,357.78052661410976,167.55228577493156,-17.250816345214844,-4.701905727386475,1.62638521194458,0.20413947105407715,0.009711703285574913,0.8911994099617004,0.002941543236374855,-0.032414510846138,-0.0011947397142648697
2019-05-02 09:58:01,28.06730842590332,27.358333587646484,60.154029846191406,1011.365966796875,340.99786389879637,357.38028563959665,167.69752291744274,-17.620710372924805,-4.858863830566406,1.5587652921676636,0.3277868628501892,-0.015679681673645973,0.9862411618232727,0.015464281663298607,-0.062041476368904114,-0.0002784412354230881
2019-05-02 09:58:02,28.06730842590332,27.360416412353516,60.236968994140625,1011.345947265625,344.0618201661197,357.229519245509,167.7044077481261,-17.69244956970215,-4.733414649963379,1.613769769668579,0.21601930260658264,-0.04703905060887337,1.0488712787628174,0.0017198137938976288,0.03264263644814491,0.013160593807697296
2019-05-02 09:58:03,28.103551864624023,27.37291717529297,60.28672790527344,1011.351806640625,341.9935961967575,356.6554356559105,167.78702571632658,-17.856842041015625,-4.491079807281494,1.4776874780654907,0.22014088928699493,0.04491662606596947,1.0530141592025757,-0.0013345126062631607,0.042721912264823914,-0.000583874061703682
2019-05-02 09:58:05,28.04918670654297,27.37291717529297,60.44597244262695,1011.34765625,340.000133770503,358.1222621091833,167.63644736588446,-17.35092544555664,-4.300638198852539,1.0585545301437378,0.22329269349575043,0.04831572249531746,1.0130478143692017,-0.004999703727662563,0.033558934926986694,0.008579105138778687
2019-05-02 09:58:06,28.139793395996094,27.375,60.485782623291016,1011.377685546875,338.8587493960386,357.21548192610413,167.61897574198758,-17.78131866455078,-4.159372329711914,0.470887690782547,0.2409912347793579,0.008497740142047405,1.0054932832717896,-0.005610569380223751,-0.028138455003499985,0.0027758851647377014
2019-05-02 09:58:07,28.103551864624023,27.391666412353516,60.37962341308594,1011.3359375,336.83691436397186,358.18960115765384,167.56337800214368,-17.761205673217773,-4.356921672821045,0.6926530599594116,0.2497193068265915,-0.01374987605959177,0.9599218368530273,0.0041632745414972305,-0.04402095079421997,0.004913913086056709
2019-05-02 09:58:08,28.03106689453125,27.389583587646484,60.499053955078125,1011.376953125,335.1220758445297,357.8276105231533,167.41316848191676,-17.665966033935547,-4.647838115692139,0.9561610221862793,0.1755308359861374,-0.04390311613678932,1.127341628074646,0.0026361122727394104,0.029893742874264717,0.001554153859615326
2019-05-02 09:58:09,28.085430145263672,27.37708282470703,60.43601989746094,1011.361572265625,334.3895329334039,359.57460666710534,166.84678187518261,-17.28272247314453,-4.866608142852783,1.3612781763076782,0.2431732565164566,0.05899859592318535,0.9443252682685852,-0.0034725405275821686,-0.04157749190926552,0.007662806659936905
2019-05-02 09:58:10,28.103551864624023,27.381250381469727,61.51422119140625,1011.391357421875,332.1833647560169,0.022160387012021044,166.8237641376797,-17.101579666137695,-4.82652473449707,1.2026008367538452,0.2519012987613678,-0.03714878484606743,1.1336777210235596,-0.0013345126062631607,-0.01928090862929821,0.003386750817298889
2019-05-02 09:58:11,28.28476333618164,27.393749237060547,60.04786682128906,1011.38330078125,331.0837862619149,0.0754855898504347,166.52871362591347,-17.268348693847656,-4.81658935546875,0.8835470080375671,0.2681451737880707,-0.03401285037398338,0.8470902442932129,0.006606735289096832,-0.045242682099342346,0.004913913086056709
2019-05-02 09:58:12,28.139793395996094,27.397916793823242,60.41943359375,1011.379638671875,330.52213980646474,359.3777564263986,166.47043845191493,-17.37841033935547,-4.624253749847412,1.367684245109558,0.36294153332710266,-0.03931982070207596,0.9850226640701294,0.019740337505936623,0.022563360631465912,0.006746508181095123
2019-05-02 09:58:14,28.194156646728516,27.402084350585938,60.38957214355469,1011.368408203125,334.18930252279046,359.0238744003816,166.74849545302612,-17.70056915283203,-4.6111159324646,1.7290338277816772,0.30717897415161133,-0.00844290666282177,1.0483838319778442,0.003552408888936043,0.029893742874264717,0.0043030474334955215
2019-05-02 09:58:15,28.24852180480957,27.40833282470703,60.31990432739258,1011.350830078125,332.46401381391814,358.39009421038526,166.7859931915695,-17.536460876464844,-4.605742454528809,1.6429553031921387,0.28414663672447205,-0.013991101644933224,0.9450563788414001,-0.009275760501623154,0.038140423595905304,0.007357373833656311
2019-05-02 09:58:16,28.157915115356445,27.422916412353516,60.386253356933594,1011.3466796875,331.12061805701416,359.0177050320138,166.67175144751187,-17.718782424926758,-4.570908069610596,1.3409532308578491,0.21698908507823944,0.006069814320653677,0.9350647926330566,0.0038578417152166367,0.03539153188467026,0.00888453796505928
2019-05-02 09:58:17,28.23040008544922,27.416667938232422,60.49573516845703,1011.3671875,332.4854418248918,359.30889131089623,166.42550946755458,-17.516111373901367,-4.322116851806641,2.4272358417510986,0.3277868628501892,-0.0562056340277195,0.7737374901771545,-0.008359462954103947,-0.015615716576576233,0.0018595866858959198
2019-05-02 09:58:18,28.23040008544922,27.420833587646484,60.61516571044922,1011.379150390625,330.79625920351947,358.40455286708453,166.4437733933952,-17.386146545410156,-4.32321834564209,2.7370574474334717,0.18789558112621307,0.025007635354995728,1.1514675617218018,-0.008054030127823353,-0.01072879508137703,0.005524776875972748
2019-05-02 09:58:19,28.194156646728516,27.431249618530273,60.645023345947266,1011.33349609375,331.8380986934728,359.4436846672796,166.56388910013902,-17.49595069885254,-4.590057373046875,2.072321891784668,0.29141998291015625,0.035204920917749405,1.0564258098602295,0.0026361122727394104,-0.03455254063010216,0.004608480259776115
2019-05-02 09:58:20,28.2122802734375,27.450000762939453,60.246917724609375,1011.332763671875,335.3733704569255,359.4417702399604,166.4810798866418,-17.661291122436523,-4.731216907501221,2.4288523197174072,0.22547470033168793,0.005341436713933945,0.969669759273529,-0.012635519728064537,-0.0476861409842968,0.001554153859615326
2019-05-02 09:58:21,28.2122802734375,27.447917938232422,60.499053955078125,1011.39208984375,337.09584854295434,359.26815147365295,166.90690120025707,-17.8098201751709,-4.571712970733643,2.193873405456543,0.13843661546707153,-0.03570143133401871,1.0771400928497314,0.004468707367777824,0.00851345993578434,0.009189970791339874
2019-05-02 09:58:23,28.176036834716797,27.456249237060547,60.36634826660156,1011.36767578125,339.4699488739172,359.0441132113877,167.63032751638815,-18.16572380065918,-4.26111364364624,1.7481849193572998,0.43519043922424316,0.04880130663514137,0.7620400190353394,-0.00011278130114078522,0.006680864375084639,-0.0008893068879842758
2019-05-02 09:58:24,28.176036834716797,27.456249237060547,60.35308074951172,1011.3603515625,336.76234235861364,359.7403240518015,167.67033876454607,-17.630449295043945,-4.307405471801758,1.8008173704147339,0.19662363827228546,-0.047521501779556274,0.8834010362625122,0.0059958696365356445,-0.024473262950778008,0.005830209702253342
2019-05-02 09:58:25,28.23040008544922,27.460416793823242,60.509002685546875,1011.40380859375,334.1758282671053,358.6843423883674,167.5231891690673,-17.730093002319336,-4.698175430297852,1.9782720804214478,0.2380818873643875,-0.16716955602169037,1.0237704515457153,0.022489232942461967,0.024395955726504326,0.0030813179910182953
2019-05-02 09:58:26,28.321006774902344,27.46875,60.48246383666992,1011.393310546875,336.5147941049776,358.3142496554073,167.73108646702417,-17.884876251220703,-4.628879070281982,1.435354471206665,0.3997933268547058,0.08060713857412338,0.8680481910705566,-0.015078980475664139,0.006680864375084639,0.011327996850013733
2019-05-02 09:58:27,28.23040008544922,27.477083206176758,59.13554382324219,1011.40087890625,337.30223466155735,358.54062378900784,167.95999342686798,-17.666345596313477,-4.455208778381348,0.874589741230011,0.3379696011543274,-0.056688085198402405,0.9004598259925842,0.01179908961057663,0.05738268047571182,-0.0002784412354230881
2019-05-02 09:58:28,28.2122802734375,27.479167938232422,60.349761962890625,1011.406494140625,337.10165761884343,359.85383042994545,167.9831477681543,-17.05055046081543,-4.487401485443115,0.5923323631286621,0.2679027318954468,0.015781516209244728,1.1334340572357178,0.0004980824887752533,-0.018059177324175835,0.0021650195121765137
2019-05-02 09:58:29,28.302885055541992,27.479167938232422,60.7379150390625,1011.39404296875,339.79095922717136,1.2024743334529029,167.95370965283158,-17.306921005249023,-4.483148097991943,0.925199568271637,0.22474735975265503,-0.017850715667009354,0.905577540397644,-0.000723646953701973,-0.03088734671473503,-0.0011947397142648697
2019-05-02 09:58:30,28.266643524169922,27.493749618530273,60.45592498779297,1011.370849609375,342.90793996056874,0.27696841303182185,168.08032769966528,-17.309276580810547,-4.610869884490967,1.4308398962020874,0.18862292170524597,0.01383917685598135,0.9991570711135864,0.014424111694097519,0.018005620688199997,0.00023957155644893646
2019-05-02 09:58:32,28.24852180480957,27.504165649414062,60.694786071777344,1011.36328125,341.14913209834464,355.85852760336746,167.8422956070903,-17.61288833618164,-4.699952125549316,1.8986353874206543,0.2468099445104599,0.02476484328508377,1.0332746505737305,-0.019784340634942055,-0.02964186854660511,-0.004647351801395416
2019-05-02 09:58:33,28.24852180480957,27.506250381469727,60.6815185546875,1011.3837890625,344.0288559656379,355.93159654022145,167.9313749342456,-17.617660522460938,-4.678443431854248,1.5272501707077026,0.30136027932167053,0.06361165642738342,0.9377454519271851,0.0052611343562603,0.03358268365263939,0.010318845510482788
2019-05-02 09:58:34,28.23040008544922,27.508333206176758,60.741233825683594,1011.3896484375,341.3821781528255,356.1783674329526,168.06363471733374,-17.28287696838379,-4.500738620758057,1.2202725410461426,0.18619845807552338,-0.025569945573806763,1.0318124294281006,0.014729544520378113,-0.039415713399648666,0.008791685104370117
2019-05-02 09:58:35,28.23040008544922,27.506250381469727,60.50568771362305,1011.4052734375,340.3445511820427,355.86234311779253,168.18428317883286,-17.82183265686035,-4.377020359039307,1.3710007667541504,0.21747399866580963,0.020151784643530846,1.0832324028015137,-0.016415473073720932,-0.03599153831601143,-0.002295183017849922
2019-05-02 09:58:36,28.24852180480957,27.50208282470703,60.41943359375,1011.40283203125,338.2179171424459,356.78643932452155,168.45911633065583,-18.06596565246582,-4.404513835906982,1.7703754901885986,0.22280779480934143,0.024279257282614708,0.9297034740447998,0.0012996196746826172,-0.03812956437468529,0.009922124445438385
2019-05-02 09:58:37,28.321006774902344,27.512500762939453,60.05450439453125,1011.34619140625,340.96347389632535,356.94566597511334,168.0625555474449,-17.83168601989746,-4.58054256439209,1.702733039855957,0.37918540835380554,0.05729904770851135,0.8290566802024841,0.008935434743762016,0.0046310024335980415,0.005646064877510071
2019-05-02 09:58:38,28.24852180480957,27.504165649414062,61.03649139404297,1011.383056640625,344.19287612836655,357.61333937804034,167.72101876818758,-17.867473602294922,-4.353517532348633,1.5240851640701294,0.28511640429496765,0.07502290606498718,0.9957453608512878,-0.0023655714467167854,0.03211993724107742,0.004118902608752251
2019-05-02 09:58:39,28.194156646728516,27.514583587646484,60.34644317626953,1011.379150390625,342.7089697198571,358.1272487876076,167.58340411679015,-17.944446563720703,-4.499908924102783,1.9532470703125,0.4310688376426697,-0.012061295099556446,0.7732501029968262,0.02787225879728794,-0.00514284148812294,0.0001482795923948288
2019-05-02 09:58:41,28.139793395996094,27.512500762939453,60.555450439453125,1011.414794921875,344.8361723727023,357.513918290708,167.2411706582375,-18.15587615966797,-4.612781047821045,1.891234278678894,0.1694696992635727,-0.09094215929508209,1.160971760749817,-0.002976437099277973,0.018375471234321594,0.006562363356351852
2019-05-02 09:58:42,28.302885055541992,27.516666412353516,60.54218292236328,1011.44091796875,342.94223092529677,358.0303284032851,167.40001353757532,-18.363121032714844,-4.528454303741455,1.9372602701187134,0.27832791209220886,0.010197288356721401,0.8207710385322571,-0.0032818689942359924,-0.010335195809602737,0.0007591433823108673
2019-05-02 09:58:43,28.24852180480957,27.512500762939453,60.369667053222656,1011.418212890625,344.94934689970216,357.64296489667845,167.59814366501905,-17.869647979736328,-4.404157638549805,1.2886989116668701,0.19759342074394226,0.02694997750222683,1.055694818496704,0.013516923412680626,0.005241867620497942,0.005646064877510071
2019-05-02 09:58:44,28.194156646728516,27.512500762939453,60.56208801269531,1011.439453125,342.20546524971667,358.45888424716765,167.4044121794008,-18.0070743560791,-4.401070594787598,0.9966982007026672,0.22498981654644012,-0.007236776873469353,0.9560227394104004,0.005270244553685188,0.03578513115644455,0.004729768261313438
2019-05-02 09:58:45,28.2122802734375,27.506250381469727,60.42274856567383,1011.390869140625,340.30933643422946,358.6223116775424,167.33119255149828,-18.10736656188965,-4.378988742828369,0.9265819191932678,0.22256535291671753,-0.014232328161597252,1.0868879556655884,-0.00022754259407520294,0.019291769713163376,0.010838419198989868
2019-05-02 09:58:46,28.266643524169922,27.493749618530273,60.61516571044922,1011.39599609375,337.9738966815162,357.9640734339019,167.6284287237989,-17.99273109436035,-4.3665571212768555,0.6913543343544006,0.21601930260658264,-0.02122787944972515,1.0408293008804321,0.015654953196644783,-0.0005613523535430431,0.001675441861152649
2019-05-02 09:58:47,28.157915115356445,27.493749618530273,60.31990432739258,1011.386474609375,336.2361906887328,358.521115061191,167.7313733349693,-18.33014678955078,-4.097903251647949,1.155622124671936,0.3168768286705017,-0.037631239742040634,0.8960733413696289,0.017487550154328346,0.03792315721511841,0.004729768261313438
2019-05-02 09:58:48,28.23040008544922,27.485416412353516,60.10426330566406,1011.392578125,340.5477083287156,358.23343368320894,168.0275713185161,-18.31412696838379,-4.3390913009643555,0.9825819134712219,0.29287466406822205,-0.017850715667009354,0.8955858945846558,0.011378897354006767,0.06724469363689423,0.0001482795923948288
2019-05-02 09:58:50,28.194156646728516,27.479167938232422,60.03459930419922,1011.38037109375,340.52523359125166,359.36835563150146,168.01751728005783,-18.16779327392578,-4.5116071701049805,0.9734172224998474,0.28050991892814636,0.05389995500445366,1.0671484470367432,7.789023220539093e-05,-0.03935129567980766,0.0010645762085914612
2019-05-02 09:58:51,28.194156646728516,27.485416412353516,59.736019134521484,1011.3349609375,342.5887515602757,359.36705528087737,167.69209974724174,-18.22886085510254,-4.135463714599609,0.8602614402770996,0.4136127531528473,-0.024363813921809196,0.8458718061447144,-0.008474224247038364,-0.0005613523535430431,0.005035201087594032
2019-05-02 09:58:52,28.2122802734375,27.50208282470703,59.742652893066406,1011.358154296875,341.1649593541988,358.51204382292127,167.65363212183624,-18.669593811035156,-4.28175687789917,1.857690453529358,0.2516588568687439,0.006798191927373409,1.0422914028167725,-0.01549917459487915,0.037617724388837814,0.010532986372709274
2019-05-02 09:58:53,28.23040008544922,27.50208282470703,59.998104095458984,1011.35302734375,339.20146267538047,358.3133635450842,167.83377153100614,-18.045944213867188,-4.306796073913574,2.0525269508361816,0.23468764126300812,0.01990899071097374,1.029375433921814,-0.0005329754203557968,-0.009724331088364124,0.003813469782471657
2019-05-02 09:58:54,28.321006774902344,27.514583587646484,59.527015686035156,1011.35986328125,340.3409585025393,358.03395608750805,167.88710164804561,-18.122711181640625,-4.270440578460693,2.0618896484375,0.29093512892723083,0.048558514565229416,0.9209303855895996,0.004964811727404594,0.06541209667921066,0.001370009034872055
2019-05-02 09:58:55,28.2122802734375,27.518749237060547,59.722747802734375,1011.32666015625,339.6160483278111,359.7564874543485,167.81258428420077,-17.838459014892578,-4.185993194580078,1.5235565900802612,0.2475372701883316,0.042974285781383514,1.1353836059570312,0.0006887540221214294,-0.01674928143620491,0.005646064877510071
2019-05-02 09:58:56,28.24852180480957,27.527084350585938,59.56018829345703,1011.320068359375,342.00473965038833,359.07826116903004,168.1808134427345,-18.409744262695312,-4.263789653778076,1.250597596168518,0.22886894643306732,0.017481066286563873,1.0266947746276855,0.005881108343601227,-0.014611252583563328,0.006562363356351852
2019-05-02 09:58:57,28.2122802734375,27.53125,59.473934173583984,1011.31884765625,342.3457317220594,0.04638629593321601,167.9365248968798,-18.503192901611328,-4.289562702178955,1.2628599405288696,0.37239691615104675,-0.055481959134340286,0.8112668395042419,0.010462598875164986,0.05105676129460335,0.0010645762085914612
2019-05-02 09:58:59,28.321006774902344,27.539583206176758,59.38768005371094,1011.298583984375,345.70404182185354,359.8617982191382,168.61860124777562,-18.382848739624023,-4.149175643920898,1.713638186454773,0.26887252926826477,0.005584229249507189,0.8958296179771423,0.001910485327243805,0.0486132986843586,0.001980874687433243
2019-05-02 09:59:00,28.339128494262695,27.558334350585938,59.36113739013672,1011.26904296875,342.8924286009636,359.64176703676,168.6354171735122,-18.305660247802734,-4.543242931365967,1.6125452518463135,0.21068550646305084,0.017481066286563873,1.0084174871444702,0.008630001917481422,-0.04148932546377182,-0.00015715323388576508
2019-05-02 09:59:01,28.357250213623047,27.572917938232422,59.05260467529297,1011.29931640625,340.6630907143646,0.1289528242715036,168.77270397582944,-18.13066864013672,-4.7570929527282715,1.3248686790466309,0.2424459159374237,0.007040984462946653,1.0966358184814453,-0.00282928254455328,0.007280281279236078,0.004551932215690613
2019-05-02 09:59:02,28.375370025634766,27.570833206176758,59.11231994628906,1011.32958984375,339.3272320712098,0.750301509689484,168.27168227945234,-17.907991409301758,-4.559007167816162,1.6081606149673462,0.21698908507823944,0.04564500227570534,0.8244264125823975,0.0020576398819684982,-0.025401009246706963,-0.00186215341091156
2019-05-02 09:59:03,28.357250213623047,27.585416793823242,59.22843551635742,1011.322998046875,343.32198090541306,0.46673398666109267,168.3504753417176,-18.09613609313965,-4.083273410797119,1.1961342096328735,0.29117754101753235,-0.08732376992702484,0.7944517135620117,0.009693454951047897,-0.03150966018438339,0.006384527310729027
2019-05-02 09:59:04,28.302885055541992,27.602083206176758,59.122276306152344,1011.332275390625,347.3647758515591,359.4118907770234,168.4149796482392,-18.329771041870117,-4.213452339172363,0.40749871730804443,0.21601930260658264,0.010440080426633358,1.0510644912719727,0.018856432288885117,0.017664991319179535,-0.00186215341091156
2019-05-02 09:59:05,28.357250213623047,27.608333587646484,59.20853042602539,1011.28466796875,345.22791104235927,359.04857012326454,168.47254448256407,-18.411911010742188,-4.329763412475586,0.7609928250312805,0.21407975256443024,-0.11337617039680481,1.0883501768112183,-0.0022184178233146667,0.028660565614700317,0.0011921729892492294
2019-05-02 09:59:06,28.393491744995117,27.614582061767578,59.231754302978516,1011.3125,344.07857803524826,0.3986242207117982,168.30177609293543,-18.202621459960938,-4.310689926147461,0.9482465982437134,0.2533559799194336,0.030834658071398735,1.1056526899337769,0.004806533455848694,-0.02356841415166855,0.0030247699469327927
2019-05-02 09:59:07,28.28476333618164,27.608333587646484,59.527015686035156,1011.335693359375,347.7700451259618,1.4845068248261866,168.05002898050708,-17.849241256713867,-4.270156383514404,1.0972787141799927,0.18595601618289948,-0.02894710749387741,0.8232079744338989,-0.0022184178233146667,-0.018070627003908157,0.008522557094693184
2019-05-02 09:59:09,28.447856903076172,27.62291717529297,59.281517028808594,1011.347900390625,345.97121235520143,1.7943214308136148,167.62851068606892,-17.831199645996094,-4.539282321929932,1.3826650381088257,0.2666904926300049,-0.07285021990537643,0.7995693683624268,-0.0013021193444728851,-0.016848895698785782,0.006689960137009621
2019-05-02 09:59:10,28.24852180480957,27.62291717529297,59.23838806152344,1011.355712890625,342.9821106923132,0.3287289472639272,167.26095088607386,-17.98494529724121,-4.641822814941406,1.315383791923523,0.23468764126300812,-0.013508650474250317,1.0427788496017456,0.019467297941446304,-0.010434811003506184,0.0002758745104074478
2019-05-02 09:59:11,28.375370025634766,27.612499237060547,59.05260467529297,1011.3369140625,340.4307037731387,0.35588692666223504,166.85570210223867,-18.032629013061523,-4.531485080718994,1.4190242290496826,0.27517610788345337,0.025736013427376747,0.9465185403823853,-0.004967310465872288,-0.051973648369312286,0.005773661658167839
2019-05-02 09:59:12,28.447856903076172,27.618749618530273,59.09905242919922,1011.32861328125,337.9391771224177,355.85137981040106,166.791757871229,-17.849367141723633,-4.699338436126709,1.2195948362350464,0.2419610172510147,0.012382421642541885,0.9433504939079285,-0.014435721561312675,-0.044032398611307144,-0.0009458549320697784
2019-05-02 09:59:13,28.375370025634766,27.608333587646484,58.71753692626953,1011.309326171875,341.88446684929363,356.2027836516881,166.6525859367008,-17.903295516967773,-4.310027599334717,1.0554858446121216,0.28317680954933167,0.010440080426633358,0.8595187664031982,-0.014435721561312675,-0.040367208421230316,-0.003694748505949974
2019-05-02 09:59:14,28.339128494262695,27.59375,58.91326904296875,1011.31494140625,340.1895212558091,355.88945726125024,166.86574248031857,-17.94641876220703,-4.645293235778809,1.20881187915802,0.27032721042633057,0.05317157506942749,0.822476863861084,-0.012297693639993668,-0.02998249977827072,0.004857365041971207
2019-05-02 09:59:15,28.321006774902344,27.608333587646484,59.05260467529297,1011.298095703125,338.6253840302141,355.7896284970018,167.25707133862528,-17.963420867919922,-4.437882423400879,1.2319719791412354,0.36439621448516846,0.016509894281625748,0.9411572217941284,-0.00282928254455328,0.02804969996213913,-0.0009458549320697784
2019-05-02 09:59:16,28.41161346435547,27.616666793823242,58.74739074707031,1011.270751953125,335.81261650735445,357.24180483483514,167.38848417825633,-18.135942459106445,-4.751002788543701,1.4149384498596191,0.27590346336364746,-0.03859614208340645,0.8887624144554138,0.01305321417748928,-0.03548028692603111,-0.002473019063472748
2019-05-02 09:59:18,28.393491744995117,27.608333587646484,59.32464599609375,1011.2822265625,336.23633070761076,356.8170795531382,167.2494351871332,-18.184782028198242,-4.851222515106201,1.3618625402450562,0.3903379440307617,-0.06006524711847305,0.7591156959533691,0.017023839056491852,0.031409457325935364,0.003635633736848831
2019-05-02 09:59:19,28.302885055541992,27.612499237060547,58.42890930175781,1011.30517578125,336.20310012975136,356.79780347864,167.47334244850458,-18.454740524291992,-4.903167724609375,1.545263648033142,0.14377044141292572,0.02403646521270275,1.0805517435073853,0.0011413414031267166,-0.018070627003908157,0.010966015979647636
2019-05-02 09:59:20,28.339128494262695,27.62708282470703,58.80379104614258,1011.277099609375,335.36147568248595,355.933615288008,167.68927204892535,-18.089279174804688,-5.02143669128418,0.8833639621734619,0.19492651522159576,-0.055240727961063385,1.1682827472686768,-0.013519424945116043,-0.007685917429625988,0.004246499389410019
2019-05-02 09:59:21,28.321006774902344,27.637500762939453,58.263031005859375,1011.3095703125,336.0538263454407,356.0840344096651,168.1356249111857,-18.146602630615234,-4.839421272277832,1.3914014101028442,0.4264623820781708,-0.005306969862431288,0.7829979658126831,0.0004650931805372238,0.011955011636018753,-0.001130158081650734
2019-05-02 09:59:22,28.321006774902344,27.645832061767578,58.52843475341797,1011.279541015625,334.43574940842285,356.5856806414644,167.8331431536025,-18.53093910217285,-4.279163360595703,1.554821491241455,0.2611142694950104,0.03544771298766136,0.8802330493927002,-0.001672934740781784,0.05196668580174446,-0.0005192924290895462
2019-05-02 09:59:23,28.266643524169922,27.641666412353516,58.468719482421875,1011.242919921875,333.5754939126489,355.78735703221594,167.4834511284762,-18.389057159423828,-4.534353733062744,0.827238142490387,0.23080852627754211,0.018695026636123657,1.0690981149673462,-0.012057643383741379,-0.04027396813035011,0.008643686771392822
2019-05-02 09:59:24,28.302885055541992,27.647916793823242,58.710899353027344,1011.29833984375,335.45806992527554,355.6585622894711,167.93473538731726,-18.110931396484375,-4.542478084564209,0.28143560886383057,0.2683876156806946,0.01068287342786789,0.9304345846176147,-0.013584807515144348,0.03333529457449913,0.008032821118831635
2019-05-02 09:59:25,28.28476333618164,27.641666412353516,58.7540283203125,1011.31396484375,338.0113756370393,356.3085072960771,168.25416967442044,-18.37327766418457,-4.583387851715088,0.5609237551689148,0.28366172313690186,0.03277700021862984,0.8860816955566406,0.0016868244856595993,0.04402543604373932,0.0034513305872678757
2019-05-02 09:59:27,28.339128494262695,27.645832061767578,59.77251434326172,1011.32861328125,339.153094690773,356.42371850011,168.72774767071243,-18.208539962768555,-4.4022064208984375,1.3096290826797485,0.36003220081329346,-0.020745426416397095,0.7812920808792114,0.002297690138220787,-0.050353243947029114,-0.003268186002969742
2019-05-02 09:59:28,28.357250213623047,27.645832061767578,59.6895751953125,1011.353271484375,340.5708011982994,356.08576159375144,169.40016613412183,-18.250709533691406,-4.582919120788574,0.4422709047794342,0.22256535291671753,0.05025806277990341,1.0096360445022583,-0.016944564878940582,0.03577875718474388,0.008643686771392822
2019-05-02 09:59:29,28.484098434448242,27.652084350585938,59.769195556640625,1011.349853515625,341.334715168283,356.7279498533378,169.23166536729764,-18.17730712890625,-4.5885701179504395,0.25036296248435974,0.36512356996536255,-0.03666633740067482,0.789577841758728,0.014209561049938202,0.06357312947511673,0.001007869839668274
2019-05-02 09:59:30,28.393491744995117,27.645832061767578,59.57345962524414,1011.362548828125,341.79733412605174,357.51886035945927,169.28078808780836,-18.201379776000977,-4.682407855987549,0.641678512096405,0.14183086156845093,0.10464359819889069,1.083476185798645,0.018180184066295624,-0.022558873519301414,-0.0005192924290895462
2019-05-02 09:59:31,28.339128494262695,27.647916793823242,58.78057098388672,1011.324462890625,340.4863066356245,357.80896688148346,169.02214248431832,-18.04923439025879,-4.562910556793213,0.6386487483978271,0.2606293559074402,-0.025811171159148216,0.8390482664108276,-0.02060975693166256,-0.025002334266901016,-0.0008247252553701401
2019-05-02 09:59:32,28.502220153808594,27.660415649414062,58.6976318359375,1011.2900390625,339.69779544689237,357.1976056134989,168.51527414601168,-18.446247100830078,-4.181371688842773,0.6054152846336365,0.3217257261276245,-0.03594265878200531,1.008173942565918,0.01787475496530533,0.015925636515021324,0.008032821118831635
2019-05-02 09:59:33,28.375370025634766,27.662500381469727,58.740760803222656,1011.2900390625,335.3846675898127,358.7300093533232,168.49601301255223,-18.25449562072754,-4.27755069732666,0.5421349406242371,0.2603869140148163,0.06628236919641495,1.1154005527496338,-0.0010620690882205963,0.05563187599182129,0.008338253945112228
2019-05-02 09:59:34,28.375370025634766,27.681249618530273,58.478675842285156,1011.310791015625,334.49164426149565,359.35492251703386,168.17371004599767,-18.336244583129883,-4.499857425689697,0.6576100587844849,0.21335241198539734,0.038604021072387695,0.8110231161117554,0.0016868244856595993,-0.026529496535658836,9.157136082649231e-05
2019-05-02 09:59:36,28.375370025634766,27.677082061767578,58.49858093261719,1011.31982421875,337.46056527670737,359.868453211288,168.42954161154967,-18.175634384155273,-4.438399314880371,0.3515734374523163,0.29117754101753235,-0.05934157222509384,0.8936363458633423,-0.00045120343565940857,0.050744954496622086,0.004062196239829063
2019-05-02 09:59:37,28.502220153808594,27.681249618530273,58.7540283203125,1011.2548828125,339.0552454007234,0.9586176903415243,168.26746122254528,-18.203372955322266,-4.581684112548828,0.2937617301940918,0.2439005970954895,0.025736013427376747,1.1224676370620728,-0.003505529835820198,0.012260444462299347,0.011087145656347275
2019-05-02 09:59:38,28.447856903076172,27.683334350585938,58.89668273925781,1011.2587890625,337.52786142305223,2.023164357633953,167.6909932565962,-18.39369010925293,-4.317619800567627,0.3667524456977844,0.2455977201461792,-0.05837666615843773,1.1283164024353027,0.001992257311940193,0.01409304141998291,0.008949119597673416
2019-05-02 09:59:39,28.357250213623047,27.702083587646484,58.79051971435547,1011.23876953125,336.85594156345223,1.740523125650892,167.86943877885196,-18.208227157592773,-4.465785503387451,0.3343607187271118,0.4116731882095337,0.046373382210731506,0.7486367225646973,-0.001672934740781784,0.00034857261925935745,-0.0008247252553701401
2019-05-02 09:59:40,28.41161346435547,27.693750381469727,59.006160736083984,1011.274658203125,337.9019560065357,1.6772304306550283,167.66706027374448,-18.005891799926758,-4.4964189529418945,0.6628351807594299,0.2339603155851364,-0.04317943751811981,1.1292911767959595,0.0007705260068178177,0.0061517925933003426,0.004978492856025696
2019-05-02 09:59:41,28.42973518371582,27.691665649414062,59.002845764160156,1011.28125,340.247670071308,0.9814073635592123,167.92214051848777,-17.694698333740234,-4.639103889465332,0.8985787630081177,0.22086822986602783,-0.041249629110097885,1.01134192943573,-0.010835913009941578,0.03700048476457596,0.0022296011447906494
2019-05-02 09:59:42,28.339128494262695,27.695833206176758,58.982940673828125,1011.30810546875,338.42341192136223,1.9070998068415728,167.90163629059938,-17.26064109802246,-4.672267913818359,1.0314980745315552,0.36827534437179565,0.05341436713933945,0.8356364965438843,0.02337254211306572,-0.023169739171862602,0.0025350339710712433
2019-05-02 09:59:43,28.41161346435547,27.693750381469727,59.473934173583984,1011.296142578125,341.24320600133046,1.8861091414182427,168.0466275463004,-17.31285858154297,-4.542018890380859,0.8220025897026062,0.1711668223142624,0.027435559779405594,1.0837198495864868,0.00015966035425662994,-0.05768362432718277,0.007421955466270447
2019-05-02 09:59:45,28.393491744995117,27.706249237060547,59.18531036376953,1011.333740234375,339.0774042419382,1.61050033623765,167.61195430752082,-17.428298950195312,-4.566715717315674,0.8727812170982361,0.2422034740447998,0.01068287342786789,1.0864005088806152,-0.028130188584327698,-0.031037282198667526,-0.0013062302023172379
2019-05-02 09:59:46,28.42973518371582,27.714584350585938,59.66967010498047,1011.31982421875,338.7497651900946,0.45647931139596476,167.6594924241441,-17.819381713867188,-4.57932186126709,0.8357720375061035,0.4053695499897003,-0.0699555054306984,0.9862411618232727,0.020128164440393448,0.014166748151183128,-0.0025279615074396133
2019-05-02 09:59:47,28.375370025634766,27.714584350585938,59.82227325439453,1011.31787109375,340.22078473918754,1.4953263780800157,167.55795483194268,-18.093748092651367,-4.899118423461914,0.8007807731628418,0.2572351098060608,0.018209444358944893,1.1029719114303589,-0.0003358200192451477,0.018748238682746887,0.006329584866762161
2019-05-02 09:59:48,28.46597671508789,27.72083282470703,59.90521240234375,1011.3388671875,342.5979637779188,1.1844362307417222,167.71537703193314,-17.762248992919922,-4.766524791717529,1.3864928483963013,0.2582049071788788,-0.005548195447772741,0.974299967288971,-0.014691153541207314,0.034019868820905685,0.00083179771900177
2019-05-02 09:59:49,28.41161346435547,27.72083282470703,59.97156524658203,1011.36376953125,342.99907346711694,0.5008477399966915,167.98227350394055,-18.01288604736328,-4.913735866546631,0.3746579587459564,0.3546983599662781,-0.07863964140415192,0.7990819811820984,0.015241242945194244,0.061814237385988235,-8.45007598400116e-05
2019-05-02 09:59:50,28.46597671508789,27.733333587646484,59.858768463134766,1011.38916015625,341.85789912096953,0.06095270820479296,167.4341781438037,-18.36639404296875,-4.5860514640808105,0.5822411179542542,0.21965600550174713,-0.06633711606264114,1.051308274269104,-0.00247384887188673,-0.016071081161499023,-0.0025279615074396133
2019-05-02 09:59:51,28.538463592529297,27.722915649414062,60.114219665527344,1011.388916015625,339.41800357773195,0.3527350078036857,167.07251962725155,-17.66415786743164,-4.904423713684082,0.8119116425514221,0.2378394454717636,0.04127473756670952,0.9180060029029846,-0.017134614288806915,-0.04417088255286217,0.0038861241191625595
2019-05-02 09:59:52,28.357250213623047,27.714584350585938,59.845497131347656,1011.403564453125,338.64304519186044,1.1086945554881584,167.11217570557264,-18.061643600463867,-4.570523262023926,0.9348403215408325,0.22305025160312653,0.10367242991924286,0.9311656951904297,-0.003954300656914711,-0.04241981729865074,0.002878846600651741
2019-05-02 09:59:54,28.46597671508789,27.72083282470703,60.17393493652344,1011.3935546875,337.1894460402456,2.3101309136306307,167.01218173612364,-17.949071884155273,-4.621725082397461,1.0511873960494995,0.28511640429496765,0.04613059014081955,1.1378206014633179,-0.004003342241048813,-0.0071493592113256454,0.007121920585632324
2019-05-02 09:59:55,28.484098434448242,27.722915649414062,60.940284729003906,1011.414306640625,339.1127146123999,3.327589189567934,166.8476288186397,-17.8736629486084,-4.639785289764404,0.9249549508094788,0.2477797269821167,0.050743646919727325,1.0332746505737305,0.00393790565431118,0.0386655330657959,0.008649084717035294
2019-05-02 09:59:56,28.41161346435547,27.735416412353516,60.03791427612305,1011.38037109375,338.101846615238,4.552336449739131,166.37991112465556,-17.88541603088379,-4.6273956298828125,0.7119941711425781,0.27105453610420227,0.0480729304254055,1.0856693983078003,0.0002727136015892029,0.043857887387275696,0.005900189280509949
2019-05-02 09:59:57,28.393491744995117,27.729167938232422,60.518959045410156,1011.40478515625,338.70586073410976,5.41895512049858,166.6948648076632,-17.765506744384766,-4.915414810180664,1.2596367597579956,0.2555379867553711,0.06701074540615082,1.0764089822769165,-0.0006435830146074295,-0.02761334553360939,0.004067594185471535
2019-05-02 09:59:58,28.484098434448242,27.733333587646484,60.67156219482422,1011.422607421875,336.44043554303096,4.376481703612928,166.52737490883615,-17.526615142822266,-4.848653316497803,0.5340773463249207,0.20147255063056946,-0.04149085283279419,1.0369300842285156,-0.021413002163171768,-0.03891435265541077,0.003151295706629753
2019-05-02 09:59:59,28.447856903076172,27.729167938232422,59.095733642578125,1011.415771484375,336.93583257862656,4.9335092436368555,166.99236052715227,-17.671045303344727,-4.839079856872559,0.5875350832939148,0.1723790466785431,0.15563005208969116,1.0747030973434448,0.007908530533313751,-0.02516988292336464,-0.0035682208836078644
2019-05-02 10:00:00,28.42973518371582,27.71666717529297,60.369667053222656,1011.396240234375,340.46093419040517,4.659272025818966,167.53451362271122,-17.76346206665039,-4.742639064788818,0.9063441753387451,0.36851781606674194,0.060698140412569046,0.9124009609222412,0.00241074338555336,0.02889169007539749,0.0019295662641525269
2019-05-02 10:00:01,28.484098434448242,27.710416793823242,60.120853424072266,1011.401611328125,343.4891019740249,4.391251133919435,167.99384384439455,-17.76568031311035,-5.022245407104492,0.8724345564842224,0.28754088282585144,0.028649523854255676,0.8670733571052551,-0.011944590136408806,-0.04135781526565552,0.004373027011752129
2019-05-02 10:00:03,28.447856903076172,27.72083282470703,60.65165710449219,1011.412353515625,342.0556296823468,4.40329318431299,167.55086509558421,-17.983062744140625,-5.049267292022705,0.9135632514953613,0.20219989120960236,0.07890758663415909,0.8102920055389404,0.00699223205447197,-0.010203685611486435,0.0065110549330711365
2019-05-02 10:00:04,28.484098434448242,27.727083206176758,60.591941833496094,1011.3955078125,339.75774401723754,5.231717010346905,167.07515608027117,-17.702360153198242,-4.995731830596924,0.8424659967422485,0.22959628701210022,-0.013026198372244835,0.8726783990859985,-0.0006435830146074295,-0.03463829681277275,-0.0017356257885694504
2019-05-02 10:00:05,28.538463592529297,27.731250762939453,61.2056884765625,1011.38134765625,338.2487332484337,4.4819206144908845,167.612364118871,-17.58460235595703,-5.0052595138549805,1.0275920629501343,0.22402003407478333,0.0016995479818433523,0.988434374332428,-0.002170747146010399,0.04782851040363312,-0.002346491441130638
2019-05-02 10:00:06,28.538463592529297,27.737499237060547,60.26350784301758,1011.407958984375,338.8466838668698,5.846732002650595,167.10102883684718,-18.021957397460938,-4.536247253417969,0.5510730147361755,0.2511739730834961,0.03399096056818962,1.1463500261306763,-0.001865314319729805,-0.008065657690167427,0.007121920585632324
2019-05-02 10:00:07,28.502220153808594,27.743749618530273,60.46255874633789,1011.428955078125,336.87734396121647,5.913640962646863,166.9500543354332,-17.76785659790039,-4.881531238555908,0.3591107726097107,0.23250563442707062,-0.01978052407503128,1.1115012168884277,0.0011890120804309845,0.00751140620559454,-0.0014301929622888565
2019-05-02 10:00:08,28.447856903076172,27.75208282470703,60.76777267456055,1011.460205078125,339.0192059075678,6.046030092442397,167.36569866718517,-17.913713455200195,-4.881786346435547,-0.1938921958208084,0.2482646256685257,-0.03859614208340645,1.0581316947937012,-0.005225072614848614,0.028280824422836304,0.0065110549330711365
2019-05-02 10:00:09,28.46597671508789,27.75208282470703,60.499053955078125,1011.475830078125,337.12709153576526,6.549888451759183,167.08966340206828,-18.204532623291016,-4.64935302734375,0.4692128002643585,0.2526286542415619,0.04491662606596947,1.113938331604004,-0.004536658525466919,0.023000726476311684,0.004900127649307251
2019-05-02 10:00:10,28.574705123901367,27.762500762939453,58.52843475341797,1011.4345703125,336.86571214905996,6.0869736614220376,166.98443750771506,-18.057159423828125,-4.276086330413818,0.5311926007270813,0.2589322328567505,-0.10252100229263306,0.8056617975234985,0.007986079901456833,-0.019454406574368477,0.004900127649307251
2019-05-02 10:00:12,28.42973518371582,27.766666412353516,61.116111755371094,1011.48095703125,335.045837273014,6.711123604853796,166.7431952262302,-18.018753051757812,-4.381807327270508,1.0376094579696655,0.22062578797340393,0.025736013427376747,0.8965607285499573,0.004576800391077995,-0.04207339137792587,0.0042839087545871735
2019-05-02 10:00:13,28.484098434448242,27.777084350585938,60.82417297363281,1011.473388671875,337.52161350750896,5.553174740991677,167.59315762692492,-17.902095794677734,-4.403409004211426,1.0012410879135132,0.330211341381073,-0.03039446286857128,0.8375861048698425,-0.010083965957164764,0.04650207236409187,-0.0015193112194538116
2019-05-02 10:00:14,28.447856903076172,27.78125,60.80758285522461,1011.5,338.61188416131955,3.843791835149049,167.98656286273933,-17.893632888793945,-4.588495254516602,1.156720757484436,0.30814874172210693,-0.05355215072631836,0.8707288503646851,0.01496150903403759,0.06452259421348572,0.006727369502186775
2019-05-02 10:00:15,28.538463592529297,27.77916717529297,60.80758285522461,1011.493896484375,337.3284540502337,1.565460041138176,168.23460801263752,-17.95203971862793,-4.72269868850708,0.3838478922843933,0.3607594966888428,-0.04510924220085144,0.8003004789352417,0.021208839491009712,0.04713989049196243,-0.003595871850848198
2019-05-02 10:00:16,28.520341873168945,27.789583206176758,61.059715270996094,1011.51416015625,337.5129750257562,1.9928701207874195,168.40506221356435,-18.036029815673828,-4.682994842529297,0.6079061031341553,0.3900955021381378,-0.06874938309192657,0.7642332911491394,0.015477800741791725,-0.05088518559932709,-0.0024933740496635437
2019-05-02 10:00:17,28.538463592529297,27.791667938232422,60.976776123046875,1011.50048828125,338.856293943032,2.477992630880626,167.96892731430236,-18.10048484802246,-4.826711177825928,0.4418128728866577,0.3229379653930664,-0.024846268817782402,0.9333589673042297,0.024640778079628944,-0.03775158151984215,0.005142441019415855
2019-05-02 10:00:18,28.447856903076172,27.799999237060547,61.145973205566406,1011.487548828125,341.97727375218847,1.6803330440855067,168.01400656282445,-17.947341918945312,-4.777516841888428,0.8259082436561584,0.3263322114944458,0.04540221393108368,0.9791739583015442,0.0005116015672683716,0.024862103164196014,0.002393549308180809
2019-05-02 10:00:19,28.538463592529297,27.806249618530273,60.996681213378906,1011.464599609375,342.4246511428243,1.407702521548157,168.02266724269202,-17.924182891845703,-4.810815334320068,0.7127290368080139,0.18522869050502777,0.028163937851786613,1.0871316194534302,-0.01964695192873478,0.004092685878276825,-0.0009662099182605743
2019-05-02 10:00:21,28.556583404541016,27.81458282470703,61.21563720703125,1011.444580078125,341.03200289181535,2.353429830656869,167.7355670711197,-18.35699462890625,-5.0321149826049805,0.7904302477836609,0.1772279590368271,-0.059582795947790146,0.8441658616065979,-0.00040469691157341003,-0.020647358149290085,0.006669605150818825
2019-05-02 10:00:22,28.484098434448242,27.820833206176758,61.39147186279297,1011.47265625,341.697609949075,1.760429285100071,167.22468258158108,-18.419240951538086,-4.791999340057373,0.3943687975406647,0.4031875729560852,0.028649523854255676,0.8007878661155701,-0.004602083936333656,-0.012492559850215912,0.008359307423233986
2019-05-02 10:00:23,28.556583404541016,27.825000762939453,61.033172607421875,1011.490966796875,339.2712842841709,2.9368859339005144,167.05574468265,-18.35584831237793,-4.907752990722656,0.8448054194450378,0.3209983706474304,0.0441882498562336,0.8965607285499573,0.021054256707429886,-0.0332619771361351,-0.002330835908651352
2019-05-02 10:00:24,28.538463592529297,27.827083587646484,61.38151550292969,1011.548583984375,339.0375210598272,2.6314977173820777,166.84820255453,-18.21919822692871,-4.821855545043945,1.0353153944015503,0.13916395604610443,0.07332336157560349,1.085913062095642,0.00669892318546772,-0.023793566972017288,0.00866474024951458
2019-05-02 10:00:25,28.574705123901367,27.837499618530273,61.16919708251953,1011.5244140625,337.752016278781,2.6616517219072144,166.4199223728135,-18.33405113220215,-4.549132823944092,1.0152040719985962,0.23541498184204102,0.0369044728577137,1.0766526460647583,-0.024455204606056213,-0.027458759024739265,0.0004180576652288437
2019-05-02 10:00:26,28.538463592529297,27.839584350585938,61.354976654052734,1011.521484375,341.55266650469815,1.1388596590706965,166.8884460291197,-18.476511001586914,-4.782535076141357,0.7694503664970398,0.20947326719760895,-0.12037172168493271,1.0469216108322144,0.019527092576026917,0.018967000767588615,-0.0050797294825315475
2019-05-02 10:00:27,28.610946655273438,27.831249237060547,59.69289016723633,1011.4892578125,339.56945448484055,2.281806546029411,166.52999770147744,-18.238117218017578,-5.284561634063721,0.6872122883796692,0.23420274257659912,0.009711703285574913,1.1251482963562012,-0.003323541022837162,0.01864822767674923,0.004314921796321869
2019-05-02 10:00:28,28.64719009399414,27.839584350585938,61.4677734375,1011.515625,342.30040658672715,2.0702162501657018,166.95361969417996,-18.067861557006836,-4.962713718414307,-0.2906608283519745,0.3125127851963043,0.03908960521221161,0.8190650939941406,-0.0002005249261856079,-0.03924565389752388,-0.002746613696217537
2019-05-02 10:00:30,28.59282684326172,27.84583282470703,62.02180480957031,1011.573974609375,340.6185254375776,0.7350430271662342,167.2860450010845,-18.7959041595459,-4.8775954246521,0.13377141952514648,0.19856320321559906,0.04734455421566963,1.168039083480835,-0.006614609621465206,0.0016823168843984604,0.0012240111827850342
2019-05-02 10:00:31,28.574705123901367,27.835416793823242,62.49952697753906,1011.605224609375,339.22923422454573,0.9815645646318284,167.4989829786488,-19.008291244506836,-4.96657657623291,0.5006881356239319,0.20486679673194885,0.01990899071097374,1.0052495002746582,-0.0014222543686628342,-0.03527503088116646,0.009776122868061066
2019-05-02 10:00:32,28.610946655273438,27.84166717529297,62.045021057128906,1011.615966796875,338.76670235168893,0.5644870137320804,167.39388002770065,-18.74888038635254,-5.078968524932861,0.37559473514556885,0.37312427163124084,0.01068287342786789,0.9223926067352295,-0.0029494185000658035,0.021535437554121017,0.01252501830458641
2019-05-02 10:00:33,28.610946655273438,27.831249237060547,62.512794494628906,1011.664794921875,337.51599396936933,0.30258895953664217,167.27248024539284,-18.41101837158203,-4.662006855010986,0.17550304532051086,0.2548106610774994,-0.0771922841668129,0.8446532487869263,0.0071298591792583466,-0.04107825085520744,-0.0012194495648145676
2019-05-02 10:00:34,28.502220153808594,27.820833206176758,60.62843322753906,1011.68310546875,340.1889645953917,359.8410118057196,167.5413711326379,-18.232912063598633,-4.83285665512085,0.20933501422405243,0.21214017271995544,-0.02967078611254692,1.0013504028320312,-0.02035907655954361,-0.04138368368148804,0.002140309661626816
2019-05-02 10:00:35,28.520341873168945,27.816665649414062,62.90094757080078,1011.649658203125,339.08854428047454,0.2414503354502713,167.45718222092833,-18.045894622802734,-4.881877422332764,0.589633584022522,0.1755308359861374,0.01918061450123787,1.012073040008545,0.0002648439258337021,-0.02086327038705349,0.0115676149725914
2019-05-02 10:00:36,28.502220153808594,27.808334350585938,61.85924530029297,1011.625244140625,342.59102259817473,359.93546903973237,167.66643189634084,-17.815399169921875,-4.641959190368652,0.723246157169342,0.28075239062309265,0.025007635354995728,0.8490398526191711,-0.022642603144049644,-0.03094254620373249,0.0011829063296318054
2019-05-02 10:00:37,28.46597671508789,27.81458282470703,61.55071258544922,1011.623779296875,340.84091127431134,359.9606252734459,167.2132898260455,-18.118446350097656,-4.58861780166626,0.8590033054351807,0.2475372701883316,-0.040525950491428375,0.9184934496879578,0.002097439020872116,-0.043770719319581985,0.006680693477392197
2019-05-02 10:00:39,28.484098434448242,27.806249618530273,62.00189208984375,1011.6015625,342.64426733784956,359.6357784816422,167.3286380607487,-18.14252471923828,-4.452854633331299,0.6551588773727417,0.2557804584503174,-0.026534847915172577,0.9601655602455139,-0.0037057800218462944,-0.038272932171821594,0.002099204808473587
2019-05-02 10:00:40,28.484098434448242,27.789583206176758,61.613746643066406,1011.62939453125,341.1574461461118,359.8309161324558,167.76516911098253,-18.04026985168457,-4.447368621826172,0.4219748377799988,0.28948041796684265,0.018695026636123657,0.8139474987983704,-0.0006514545530080795,0.045721039175987244,-0.0006496906280517578
2019-05-02 10:00:41,28.502220153808594,27.772916793823242,62.07820129394531,1011.635009765625,338.87759559550597,359.3130172254026,167.9083981778777,-18.084596633911133,-4.348837375640869,0.29892393946647644,0.2361423224210739,-0.007960454560816288,0.9806361198425293,-0.01500678714364767,0.03716892749071121,0.005764394998550415
2019-05-02 10:00:42,28.46597671508789,27.770832061767578,61.85924530029297,1011.6171875,339.4050808598223,359.71829706525415,168.41515723315763,-18.244998931884766,-4.482684135437012,0.029677575454115868,0.17747041583061218,0.1051291823387146,1.0622745752334595,0.005762631073594093,-0.02788822166621685,-0.00462031364440918
2019-05-02 10:00:43,28.46597671508789,27.768749237060547,62.081520080566406,1011.6318359375,337.5701693223186,359.7282373383741,168.28022001591486,-18.34820556640625,-4.230257511138916,0.5552743673324585,0.2472948431968689,0.05171481892466545,0.9752748012542725,-0.014090489596128464,-0.04193812236189842,0.0002666078507900238
2019-05-02 10:00:44,28.484098434448242,27.762500762939453,61.73649597167969,1011.635009765625,336.0886005460526,358.9180818137707,168.6052823788941,-18.27379608154297,-3.9997668266296387,0.9048635363578796,0.2494768351316452,-0.17078793048858643,0.969669759273529,0.004235468804836273,0.0328928679227829,-0.0033985842019319534
2019-05-02 10:00:45,28.46597671508789,27.766666412353516,61.79289245605469,1011.602783203125,338.5580503178288,359.26803141173394,169.11594830237928,-18.13765525817871,-4.313327789306641,1.1217677593231201,0.3144523501396179,0.04734455421566963,0.8295440673828125,-0.0030300673097372055,0.040887027978897095,-0.000731172040104866
2019-05-02 10:00:46,28.538463592529297,27.766666412353516,61.34502410888672,1011.6240234375,337.2098956266206,359.14843986864804,169.38391028389722,-18.205387115478516,-4.2444257736206055,0.8881081342697144,0.1580747365951538,0.09080442786216736,1.0678796768188477,0.004605747759342194,-0.011647382751107216,-0.0034800656139850616
2019-05-02 10:00:48,28.321006774902344,27.758333206176758,61.733177185058594,1011.615234375,338.8647872832649,359.1278398580287,168.9537039888348,-18.15875244140625,-4.437821388244629,0.9325940012931824,0.2504466474056244,0.06312606483697891,1.0349805355072021,-0.02043972723186016,-0.033943966031074524,0.0004905592650175095
2019-05-02 10:00:49,28.502220153808594,27.743749618530273,62.81468963623047,1011.571044921875,340.7325486155818,0.4305491652226725,168.8326866971205,-18.20911979675293,-4.741575241088867,0.3851589560508728,0.27663078904151917,-0.007236776873469353,1.0810391902923584,-0.005168095231056213,0.014925256371498108,0.0011014249175786972
2019-05-02 10:00:50,28.502220153808594,27.74791717529297,61.70331573486328,1011.597900390625,343.20418063279783,359.13689124606117,168.09374219119516,-18.208070755004883,-4.802943229675293,0.6887538433074951,0.2453552633523941,-0.0771922841668129,1.126610517501831,-0.005473528057336807,0.027753425762057304,0.0007959920912981033
2019-05-02 10:00:51,28.41161346435547,27.743749618530273,61.660186767578125,1011.639892578125,344.1845859862615,358.28223645204577,167.91944942395477,-18.031248092651367,-4.563986778259277,0.7895060777664185,0.35130414366722107,0.006798191927373409,0.752535879611969,0.026291465386748314,-0.0021789707243442535,-0.0010366030037403107
2019-05-02 10:00:52,28.393491744995117,27.75208282470703,62.09478759765625,1011.665771484375,346.06725932908375,358.4897066497361,167.4795032791359,-17.76546859741211,-4.605984687805176,0.5453106164932251,-0.07676588743925095,-0.010855165310204029,0.959190845489502,0.0049111805856227875,0.026837129145860672,0.001712290570139885
2019-05-02 10:00:53,28.484098434448242,27.75,61.6170654296875,1011.644775390625,345.2789393856484,358.28070745016703,166.93263735304967,-18.027812957763672,-4.619178295135498,0.2380347102880478,0.086553193628788,-0.05282847210764885,0.9857537150382996,0.013157861307263374,0.05615866184234619,0.002934020012617111
2019-05-02 10:00:54,28.41161346435547,27.74791717529297,61.66682434082031,1011.624267578125,346.0713693954168,1.0203194848693038,166.85825659298823,-18.136558532714844,-4.490756034851074,0.4596804976463318,-0.056772202253341675,-0.1625862568616867,0.8158970475196838,0.0345381423830986,0.050050005316734314,0.0001851264387369156
2019-05-02 10:00:55,28.520341873168945,27.74791717529297,61.836021423339844,1011.6611328125,349.2698991724096,2.6667096904310204,166.38680961571728,-18.104459762573242,-4.440391540527344,0.40490075945854187,0.17916753888130188,0.01311079878360033,0.9250732660293579,0.03820333629846573,0.025615397840738297,0.003239452838897705
2019-05-02 10:00:57,28.520341873168945,27.754165649414062,61.63697052001953,1011.641845703125,347.15239453441217,1.0003723442851047,167.28425549152195,-18.161958694458008,-4.379303455352783,0.6765621900558472,0.2679027318954468,0.06871029734611511,1.1412323713302612,0.002162287011742592,-0.02050492726266384,0.022481707856059074
2019-05-02 10:00:58,28.520341873168945,27.75208282470703,61.58720397949219,1011.60302734375,347.5681310737179,2.7140727834568277,166.4320664491578,-18.33090591430664,-4.476269245147705,0.1465756744146347,0.35809260606765747,0.10779991000890732,0.8982665538787842,0.007354641333222389,-0.01806146651506424,0.023092573508620262
2019-05-02 10:00:59,28.393491744995117,27.74791717529297,61.726539611816406,1011.637939453125,344.65127061413364,0.8729958262884197,166.7009709967812,-18.106081008911133,-4.222415447235107,0.5454260110855103,0.09625103324651718,0.022336916998028755,0.9075270891189575,0.0033840183168649673,0.05218803882598877,-0.010505015030503273
2019-05-02 10:01:00,28.502220153808594,27.754165649414062,61.7862548828125,1011.632568359375,341.79000021043043,359.5756549143799,167.1116839319524,-18.319168090820312,-4.379143238067627,0.7232642769813538,0.47179973125457764,0.14834627509117126,1.0330308675765991,-0.020134294405579567,-0.0504373237490654,0.012402432039380074
2019-05-02 10:01:01,28.447856903076172,27.731250762939453,61.341705322265625,1011.640625,344.8571205628868,357.5950726774353,167.05463819200443,-18.362693786621094,-4.765437126159668,1.0030988454818726,0.2434156984090805,0.0033990959636867046,1.0225520133972168,0.015295891091227531,0.02744799293577671,-0.008366987109184265
2019-05-02 10:01:02,28.447856903076172,27.71666717529297,61.60710906982422,1011.602294921875,341.85841992289375,355.4137730053729,167.24880680972956,-18.515533447265625,-4.806098937988281,1.7365200519561768,0.27687323093414307,-0.016644585877656937,1.030593991279602,0.0024677198380231857,0.01736871711909771,-0.006228959187865257
2019-05-02 10:01:03,28.393491744995117,27.700000762939453,61.573936462402344,1011.564453125,342.9883432399308,356.4170889477469,166.89048142549237,-18.4089298248291,-4.772728443145752,1.2548052072525024,0.5355629920959473,-0.09407810121774673,0.8960733413696289,-0.008222421631217003,-0.07120674848556519,0.007210077717900276
2019-05-02 10:01:04,28.302885055541992,27.6875,61.66682434082031,1011.539306640625,343.8028808644953,356.65166709903593,167.2061864293087,-18.59401512145996,-4.454977035522461,0.6509328484535217,0.19977544248104095,-0.11844190955162048,0.8331995010375977,-0.002113768830895424,-0.012563679367303848,0.010264402255415916
2019-05-02 10:01:06,28.41161346435547,27.68958282470703,61.65687561035156,1011.525390625,344.0055172092439,355.6073281867332,167.78234020655594,-18.389854431152344,-4.379148960113525,0.5009445548057556,0.3168768286705017,-0.08852990716695786,0.8151659369468689,0.012546995654702187,-0.009509353898465633,-0.015391937457025051
2019-05-02 10:01:07,28.41161346435547,27.679166793823242,61.238861083984375,1011.543701171875,344.10593977306337,355.4970304500344,168.46742184068657,-18.730796813964844,-4.335702419281006,0.7431537508964539,0.1541956067085266,-0.03931982070207596,0.8760901689529419,-0.0048626624047756195,0.004540546797215939,-0.011726745404303074
2019-05-02 10:01:08,28.447856903076172,27.681249618530273,61.374881744384766,1011.519775390625,345.75224161305266,355.2338128886687,169.06157999658598,-18.59745979309082,-4.297079563140869,0.8582346439361572,0.1568625122308731,-0.05331092327833176,1.1180812120437622,0.003994883969426155,-0.015312572941184044,-0.000731172040104866
2019-05-02 10:01:09,28.375370025634766,27.677082061767578,61.15260696411133,1011.497314453125,345.19679611559525,356.2799592397805,169.04969546743015,-18.523773193359375,-4.296167850494385,0.5518341064453125,0.3466976583003998,-0.002412258880212903,1.1010223627090454,-0.029908137395977974,-0.045550405979156494,0.01056983508169651
2019-05-02 10:01:10,28.375370025634766,27.674999237060547,61.457820892333984,1011.48193359375,346.8545436450862,355.80181995778344,169.53386025693567,-18.41204833984375,-4.3495097160339355,0.7758110165596008,0.12970857322216034,0.13596384227275848,0.9338463544845581,-0.004557229578495026,-0.03272223472595215,-0.0056180935353040695
2019-05-02 10:01:11,28.447856903076172,27.664583206176758,61.61042785644531,1011.559326171875,345.2774452817675,355.0152639107012,169.55208320164127,-18.316633224487305,-4.274360656738281,1.0483773946762085,0.5421090722084045,0.005341436713933945,0.9435941576957703,-0.013720208778977394,0.006373142823576927,0.008431809023022652
2019-05-02 10:01:12,28.393491744995117,27.65416717529297,61.799522399902344,1011.5498046875,345.4027092435982,354.37528116188656,168.77442518350028,-18.336734771728516,-4.4549946784973145,1.2819085121154785,0.2378394454717636,-0.13170933723449707,1.0722661018371582,0.02048824541270733,-0.0012626731768250465,-0.006534390151500702
2019-05-02 10:01:13,28.28476333618164,27.633333206176758,61.60047149658203,1011.551513671875,346.66347507947063,354.02113329210044,169.71621264739667,-18.292037963867188,-5.168616771697998,0.8802490830421448,0.30281493067741394,-0.008925357833504677,1.168039083480835,-0.010971315205097198,0.007289440371096134,0.004766615107655525
2019-05-02 10:01:15,28.302885055541992,27.629165649414062,61.66682434082031,1011.57666015625,347.1249977918776,354.6180854222572,168.87424156803087,-18.077394485473633,-5.311522960662842,0.9624757766723633,0.29893583059310913,0.14786069095134735,0.9799050092697144,-0.015858236700296402,0.023782802745699883,0.023092573508620262
2019-05-02 10:01:16,28.194156646728516,27.618749618530273,61.527488708496094,1011.59765625,345.9809803794882,356.1599844056883,168.2739908833918,-18.40083885192871,-4.928890705108643,1.054927110671997,-0.08565196394920349,-0.1826080083847046,0.8787708282470703,-0.010055017657577991,-0.0012626731768250465,0.0007959920912981033
2019-05-02 10:01:17,28.24852180480957,27.612499237060547,61.61042785644531,1011.578857421875,347.1685359789682,357.3699402508816,167.98268331529076,-18.385591506958008,-4.595447063446045,1.622550129890442,0.3479098975658417,-0.21517349779605865,0.7910399436950684,0.01132526621222496,0.036305539309978485,0.0011014249175786972
2019-05-02 10:01:18,28.266643524169922,27.610416412353516,61.706634521484375,1011.5986328125,346.4849586940023,357.2377677661488,167.37381293191913,-18.06364631652832,-4.488851070404053,1.2239478826522827,0.4162796437740326,-0.06247750297188759,1.1093080043792725,0.017739349976181984,-0.009814785793423653,-0.0031746327877044678
2019-05-02 10:01:19,28.24852180480957,27.600000381469727,61.782936096191406,1011.57421875,347.16409977110226,358.4248674505017,167.00503735825183,-18.171215057373047,-4.588593006134033,2.1295673847198486,0.5692629814147949,0.11217017471790314,1.055694818496704,-0.013109343126416206,-0.025391848757863045,0.009042670950293541
2019-05-02 10:01:20,28.302885055541992,27.604167938232422,61.25545120239258,1011.5615234375,344.71548976025736,357.2065079113084,167.90080300752064,-18.02283477783203,-4.808888912200928,1.9250102043151855,0.30281493067741394,0.14713230729103088,1.0988291501998901,-0.008222421631217003,0.05310433357954025,-0.010505015030503273
2019-05-02 10:01:21,28.302885055541992,27.608333587646484,61.80284118652344,1011.587890625,344.4597179588606,357.5367992109841,167.68923106779033,-17.8125,-4.939812660217285,1.774281620979309,-0.10910135507583618,-0.10493326187133789,0.9379891753196716,0.0015514232218265533,0.004540546797215939,0.005072047933936119
2019-05-02 10:01:22,28.302885055541992,27.606250762939453,61.77630615234375,1011.530517578125,343.55770610159584,357.5858128619115,167.96762957836006,-17.687883377075195,-4.6429924964904785,1.313718557357788,0.3331206738948822,-0.028464656323194504,0.8297877311706543,-0.05342645198106766,0.021033909171819687,-0.011421313509345055
2019-05-02 10:01:24,28.23040008544922,27.616666793823242,61.63697052001953,1011.5341796875,339.47249141183573,357.7168739468003,166.87272293365032,-17.906126022338867,-4.807400226593018,1.1272761821746826,0.054065439850091934,0.0905616357922554,1.0954172611236572,-0.01036044955253601,0.050966307520866394,0.0026285871863365173
2019-05-02 10:01:25,28.393491744995117,27.620834350585938,61.932228088378906,1011.53515625,343.28223432708546,359.04470039421295,166.4145948252609,-18.115951538085938,-4.820712566375732,1.0564799308776855,0.2640236020088196,0.0038846812676638365,1.0327872037887573,0.027207763865590096,0.017063284292817116,0.005988346412777901
2019-05-02 10:01:26,28.357250213623047,27.608333587646484,61.7298583984375,1011.5595703125,344.67966371051335,1.5838416810202671,165.72012851121067,-17.964393615722656,-5.0969767570495605,1.306583285331726,0.19686609506607056,-0.14497676491737366,1.0561821460723877,0.01132526621222496,0.0011807880364358425,-0.02486034855246544
2019-05-02 10:01:27,28.375370025634766,27.618749618530273,61.82606506347656,1011.5419921875,343.23496771048167,2.2896377847996536,164.65655877441296,-18.045005798339844,-5.2144389152526855,1.2999272346496582,0.5275623202323914,-0.09335441887378693,0.8919304609298706,-0.029297273606061935,-0.07181761413812637,0.006904644891619682
2019-05-02 10:01:28,28.357250213623047,27.620834350585938,61.69999694824219,1011.525390625,342.3952147350488,356.88297401659935,164.83732656098653,-18.188190460205078,-5.009098052978516,1.321481704711914,0.2698422968387604,-0.07357389479875565,0.9389639496803284,-0.02654837816953659,0.06226731091737747,0.0001851264387369156
2019-05-02 10:01:29,28.393491744995117,27.629165649414062,61.988624572753906,1011.53515625,346.66456107954866,356.4183192355711,164.7986813506626,-18.501916885375977,-4.820514678955078,1.8911387920379639,0.2349300980567932,-0.11892437189817429,0.8975354433059692,0.03209468722343445,-0.03913632035255432,0.004461182281374931
2019-05-02 10:01:30,28.302885055541992,27.62291717529297,62.091468811035156,1011.47802734375,343.8637976141554,355.3878737818139,165.41708667811554,-18.77879524230957,-4.588543891906738,1.4425253868103027,0.29360201954841614,0.025007635354995728,0.920686662197113,-0.017079968005418777,0.03202948346734047,-0.004701795056462288
2019-05-02 10:01:31,28.339128494262695,27.629165649414062,61.577247619628906,1011.484130859375,341.5770912611701,354.8805405637568,165.51347430768277,-18.719133377075195,-4.765135765075684,1.7606596946716309,0.2504466474056244,0.0699242651462555,1.0734845399856567,-0.012498478405177593,-0.03363852947950363,0.001712290570139885
2019-05-02 10:01:33,28.339128494262695,27.631250381469727,61.457820892333984,1011.468505859375,343.9268300149108,354.1108418504331,165.5308229881746,-19.01038360595703,-4.810668468475342,1.4611749649047852,0.37069979310035706,-0.11892437189817429,0.8005441427230835,0.04247939586639404,-0.005538729950785637,0.005988346412777901
2019-05-02 10:01:34,28.28476333618164,27.629165649414062,61.48767852783203,1011.474365234375,345.8114824050451,354.17299187612514,165.41602116860503,-18.73256492614746,-4.924696922302246,1.651470422744751,0.21262507140636444,0.0007283777231350541,0.7959138751029968,-0.019828861579298973,-0.023864686489105225,-0.008366987109184265
2019-05-02 10:01:35,28.447856903076172,27.647916793823242,61.37156677246094,1011.455078125,343.8567966702561,354.07218554105174,166.01004272072103,-18.451396942138672,-4.481317520141602,1.5349843502044678,0.3083912134170532,-0.032806720584630966,0.8258886337280273,-0.015858236700296402,-0.029973341152071953,0.002934020012617111
2019-05-02 10:01:36,28.357250213623047,27.660415649414062,61.66682434082031,1011.52734375,346.37163646416167,354.1995497860522,165.71309341636555,-18.227476119995117,-4.812620162963867,1.2093756198883057,0.23202073574066162,0.02063736878335476,0.9557790756225586,-0.027464676648378372,-0.04188521206378937,-0.00256376713514328
2019-05-02 10:01:37,28.357250213623047,27.65833282470703,61.56066131591797,1011.519287109375,345.0860258151833,353.71538499654673,165.66465371477184,-18.43906021118164,-4.803058624267578,1.0997707843780518,0.20535168051719666,-0.031118139624595642,1.1044341325759888,-0.014941939152777195,-0.02050492726266384,-0.0019529014825820923
2019-05-02 10:01:38,28.28476333618164,27.662500381469727,61.62037658691406,1011.54345703125,342.66192508440133,354.1987126609921,166.3438477258379,-18.1779842376709,-5.038610935211182,1.136088252067566,0.3224530816078186,-0.027740979567170143,0.9565101265907288,-0.00608439277857542,0.02897515706717968,0.003850318491458893
2019-05-02 10:01:39,28.393491744995117,27.660415649414062,61.892417907714844,1011.514404296875,345.889511339897,354.45019681113735,165.61017612595182,-17.946456909179688,-4.869043827056885,0.7556973695755005,0.2662056088447571,-0.11072268337011337,0.8483087420463562,0.02751319669187069,-0.03486026078462601,0.004461182281374931
2019-05-02 10:01:40,28.42973518371582,27.670833587646484,61.706634521484375,1011.500732421875,343.52738006168096,353.8934134503763,166.4964478122743,-17.87660026550293,-4.552032947540283,0.8606305718421936,0.2485070526599884,-0.0176094900816679,0.9623588919639587,-0.00913871917873621,0.05157717317342758,0.001406857743859291
2019-05-02 10:01:41,28.339128494262695,27.677082061767578,61.733177185058594,1011.50439453125,341.27175960715573,353.4256210511981,166.8812879908695,-17.883777618408203,-4.581789016723633,1.0866546630859375,0.30039048194885254,0.10318684577941895,1.054476261138916,-0.0311298668384552,-0.05135362595319748,0.009653536602854729
2019-05-02 10:01:43,28.484098434448242,27.683334350585938,61.60047149658203,1011.50830078125,341.35846544357446,354.1197923864535,167.2946920205737,-17.423229217529297,-4.872257232666016,1.0807639360427856,0.329241544008255,0.0313202403485775,0.9472496509552002,-0.019217995926737785,-0.0351656973361969,0.0023231543600559235
2019-05-02 10:01:44,28.393491744995117,27.693750381469727,61.922271728515625,1011.499755859375,344.0648852135097,353.82658303755545,166.8144204388951,-17.717018127441406,-4.844360828399658,1.5505774021148682,0.43809977173805237,-0.04317943751811981,0.8509894013404846,0.02751319669187069,0.008511170744895935,0.010264402255415916
2019-05-02 10:01:45,28.375370025634766,27.697917938232422,61.63365173339844,1011.5263671875,345.47594253187907,355.1309907940165,166.80259055125265,-17.879106521606445,-5.062215328216553,1.0649316310882568,0.14013373851776123,-0.027740979567170143,1.0949299335479736,-0.022883187979459763,-0.021421225741505623,0.003850318491458893
2019-05-02 10:01:46,28.46597671508789,27.712499618530273,61.86919403076172,1011.514892578125,346.7886126828017,355.0914158241918,166.42489475052926,-17.969385147094727,-4.9504852294921875,0.6804451942443848,0.3190588355064392,0.09930216521024704,0.8914430737495422,-0.02257775515317917,0.0024025184102356434,-0.006839822977781296
2019-05-02 10:01:47,28.484098434448242,27.714584350585938,61.49431228637695,1011.5400390625,345.68040253713616,357.7032560436992,166.16287503358924,-18.220840454101562,-4.930473327636719,1.38020658493042,0.11055533587932587,-0.029188333079218864,0.9389639496803284,0.001856854185461998,0.01981217786669731,0.00751551054418087
2019-05-02 10:01:48,28.41161346435547,27.708332061767578,61.70995330810547,1011.49365234375,344.69335823979924,357.9367554519862,166.66272193742913,-18.109086990356445,-4.657084941864014,1.2857953310012817,0.28778329491615295,-0.013991101644933224,1.029375433921814,-0.012193045578897,-0.04585583508014679,0.009653536602854729
2019-05-02 10:01:49,28.447856903076172,27.704166412353516,61.73980712890625,1011.500732421875,345.08775726813786,358.83823668892984,166.6943866944213,-18.204463958740234,-4.352550506591797,1.0078622102737427,0.14449776709079742,0.0048558516427874565,0.8802330493927002,0.039425067603588104,0.06348904222249985,-0.002258334308862686
2019-05-02 10:01:50,28.375370025634766,27.72083282470703,61.500946044921875,1011.539794921875,347.7025833475296,359.38818890002557,166.87548233007502,-18.52638053894043,-4.766524791717529,1.3162935972213745,0.20292723178863525,-0.09697280824184418,1.0474090576171875,0.04583915323019028,0.03691640496253967,-0.0031746327877044678
2019-05-02 10:01:52,28.41161346435547,27.714584350585938,61.69004821777344,1011.528076171875,345.6359755716798,355.4566887914754,166.661110012785,-18.424985885620117,-5.022146224975586,1.4382331371307373,0.1704394668340683,0.03981798142194748,1.1093080043792725,-0.03265703096985817,-0.06906871497631073,-0.00714525580406189
2019-05-02 10:01:53,28.393491744995117,27.725000381469727,61.557342529296875,1011.508544921875,347.09219495461497,355.27194113904983,166.9187584086562,-18.4703426361084,-5.189155101776123,1.3290921449661255,0.20219989120960236,-0.024846268817782402,1.0391234159469604,-0.015858236700296402,-0.0351656973361969,0.006293779239058495
2019-05-02 10:01:54,28.42973518371582,27.725000381469727,61.58720397949219,1011.498779296875,347.5783370838852,355.6198615838602,167.05294430509028,-18.30870246887207,-5.141483783721924,0.9839324951171875,0.346212774515152,0.025736013427376747,0.8146786093711853,-0.0134147759526968,-0.07181761413812637,-0.0031746327877044678
2019-05-02 10:01:55,28.46597671508789,27.725000381469727,61.557342529296875,1011.460205078125,344.95358332453486,354.88277403561545,167.09652091199496,-18.275358200073242,-4.614659786224365,1.3238420486450195,0.3413638472557068,0.016509894281625748,0.9453001022338867,0.022320842370390892,0.023171937093138695,0.0041557494550943375
2019-05-02 10:01:56,28.46597671508789,27.737499237060547,61.30853271484375,1011.464111328125,346.04950083724174,355.3901529305625,167.40392040578055,-18.39362907409668,-5.029626846313477,1.6969914436340332,0.28487393260002136,-0.058135438710451126,0.8799893260002136,0.00032969191670417786,0.040887027978897095,0.003544885665178299
2019-05-02 10:01:57,28.447856903076172,27.729167938232422,61.27867126464844,1011.454833984375,346.944104500578,355.59961690316027,166.69478284539315,-18.150150299072266,-4.842010021209717,1.189947247505188,0.3546983599662781,-0.0914246141910553,0.7591156959533691,0.03209468722343445,-0.0006518075242638588,-0.005007227882742882
2019-05-02 10:01:58,28.42973518371582,27.741666793823242,61.06966781616211,1011.439453125,345.59507127628785,356.47353213694396,166.6584872201437,-18.2430362701416,-4.854121685028076,0.7978667616844177,0.22523225843906403,-0.112652488052845,0.8117542266845703,0.007354641333222389,-0.009509353898465633,0.008737241849303246
2019-05-02 10:01:59,28.42973518371582,27.745834350585938,60.23365020751953,1011.420166015625,343.71110702771244,354.9844755523569,167.21621314701028,-18.299060821533203,-5.001391410827637,1.0180490016937256,0.36318397521972656,-0.07646860927343369,0.779342532157898,0.02048824541270733,0.010649198666214943,-0.0019529014825820923
2019-05-02 10:02:01,28.484098434448242,27.758333206176758,60.31658935546875,1011.35498046875,343.8310946684093,356.2707295197777,167.08911698693467,-18.055192947387695,-4.934701442718506,0.9032156467437744,0.38379189372062683,-0.07960454374551773,0.8207710385322571,0.028429491445422173,-0.016839737072587013,-0.0019529014825820923
2019-05-02 10:02:02,28.393491744995117,27.764583587646484,60.43933868408203,1011.361572265625,341.4730999235094,355.52627561251313,166.71509582798478,-18.106048583984375,-4.933465957641602,0.799092173576355,0.2504466474056244,-0.11434107273817062,1.0405855178833008,0.021080736070871353,0.0156061090528965,0.000818546861410141
2019-05-02 10:02:03,28.46597671508789,27.770832061767578,61.06635284423828,1011.425048828125,338.3065081110756,355.5476515432943,167.25304152701497,-18.213930130004883,-4.603549480438232,0.5458865165710449,0.35591059923171997,0.012382421642541885,0.7893341183662415,-0.0033538751304149628,-0.009744797833263874,-0.0007086172699928284
2019-05-02 10:02:04,28.375370025634766,27.774999618530273,61.17251205444336,1011.46435546875,336.7085119302175,356.7324876602676,167.7598688841866,-18.268455505371094,-4.539122581481934,0.6252834796905518,0.1551653891801834,0.07162380963563919,1.1115012168884277,0.00458737276494503,-0.012799124233424664,-0.003457510843873024
